id,car,corvette,c1,c2,c3,c4,c5,c6,c7,c8,classification
cars_1_0_0_ (100).jpg,1,0,0,0,0,0,0,0,0,0,"['car', 'not_corvette']"
cars_1_0_0_ (101).jpg,1,0,0,0,0,0,0,0,0,0,"['car', 'not_corvette']"
cars_1_0_0_ (102).jpg,1,0,0,0,0,0,0,0,0,0,"['car', 'not_corvette']"
cars_1_0_0_ (103).jpg,1,0,0,0,0,0,0,0,0,0,"['car', 'not_corvette']"
cars_1_0_0_ (104).jpg,1,0,0,0,0,0,0,0,0,0,"['car', 'not_corvette']"
cars_1_0_0_ (105).jpg,1,0,0,0,0,0,0,0,0,0,"['car', 'not_corvette']"
cars_1_0_0_ (106).jpg,1,0,0,0,0,0,0,0,0,0,"['car', 'not_corvette']"
cars_1_0_0_ (107).jpg,1,0,0,0,0,0,0,0,0,0,"['car', 'not_corvette']"
cars_1_0_0_ (108).jpg,1,0,0,0,0,0,0,0,0,0,"['car', 'not_corvette']"
cars_1_0_0_ (109).jpg,1,0,0,0,0,0,0,0,0,0,"['car', 'not_corvette']"
cars_1_0_0_ (110).jpg,1,0,0,0,0,0,0,0,0,0,"['car', 'not_corvette']"
cars_1_0_0_ (111).jpg,1,0,0,0,0,0,0,0,0,0,"['car', 'not_corvette']"
cars_1_0_0_ (112).jpg,1,0,0,0,0,0,0,0,0,0,"['car', 'not_corvette']"
cars_1_0_0_ (113).jpg,1,0,0,0,0,0,0,0,0,0,"['car', 'not_corvette']"
cars_1_0_0_ (114).jpg,1,0,0,0,0,0,0,0,0,0,"['car', 'not_corvette']"
cars_1_0_0_ (115).jpg,1,0,0,0,0,0,0,0,0,0,"['car', 'not_corvette']"
cars_1_0_0_ (116).jpg,1,0,0,0,0,0,0,0,0,0,"['car', 'not_corvette']"
cars_1_0_0_ (117).jpg,1,0,0,0,0,0,0,0,0,0,"['car', 'not_corvette']"
cars_1_0_0_ (118).jpg,1,0,0,0,0,0,0,0,0,0,"['car', 'not_corvette']"
cars_1_0_0_ (119).jpg,1,0,0,0,0,0,0,0,0,0,"['car', 'not_corvette']"
cars_1_0_0_ (120).jpg,1,0,0,0,0,0,0,0,0,0,"['car', 'not_corvette']"
cars_1_0_0_ (121).jpg,1,0,0,0,0,0,0,0,0,0,"['car', 'not_corvette']"
cars_1_0_0_ (122).jpg,1,0,0,0,0,0,0,0,0,0,"['car', 'not_corvette']"
cars_1_0_0_ (123).jpg,1,0,0,0,0,0,0,0,0,0,"['car', 'not_corvette']"
cars_1_0_0_ (124).jpg,1,0,0,0,0,0,0,0,0,0,"['car', 'not_corvette']"
cars_1_0_0_ (125).jpg,1,0,0,0,0,0,0,0,0,0,"['car', 'not_corvette']"
cars_1_0_0_ (126).jpg,1,0,0,0,0,0,0,0,0,0,"['car', 'not_corvette']"
cars_1_0_0_ (127).jpg,1,0,0,0,0,0,0,0,0,0,"['car', 'not_corvette']"
cars_1_0_0_ (128).jpg,1,0,0,0,0,0,0,0,0,0,"['car', 'not_corvette']"
cars_1_0_0_ (129).jpg,1,0,0,0,0,0,0,0,0,0,"['car', 'not_corvette']"
cars_1_0_0_ (130).jpg,1,0,0,0,0,0,0,0,0,0,"['car', 'not_corvette']"
cars_1_0_0_ (131).jpg,1,0,0,0,0,0,0,0,0,0,"['car', 'not_corvette']"
cars_1_0_0_ (132).jpg,1,0,0,0,0,0,0,0,0,0,"['car', 'not_corvette']"
cars_1_0_0_ (133).jpg,1,0,0,0,0,0,0,0,0,0,"['car', 'not_corvette']"
cars_1_0_0_ (134).jpg,1,0,0,0,0,0,0,0,0,0,"['car', 'not_corvette']"
cars_1_0_0_ (135).jpg,1,0,0,0,0,0,0,0,0,0,"['car', 'not_corvette']"
cars_1_0_0_ (136).jpg,1,0,0,0,0,0,0,0,0,0,"['car', 'not_corvette']"
cars_1_0_0_ (137).jpg,1,0,0,0,0,0,0,0,0,0,"['car', 'not_corvette']"
cars_1_0_0_ (138).jpg,1,0,0,0,0,0,0,0,0,0,"['car', 'not_corvette']"
cars_1_0_0_ (139).jpg,1,0,0,0,0,0,0,0,0,0,"['car', 'not_corvette']"
cars_1_0_0_ (140).jpg,1,0,0,0,0,0,0,0,0,0,"['car', 'not_corvette']"
cars_1_0_0_ (141).jpg,1,0,0,0,0,0,0,0,0,0,"['car', 'not_corvette']"
cars_1_0_0_ (142).jpg,1,0,0,0,0,0,0,0,0,0,"['car', 'not_corvette']"
cars_1_0_0_ (143).jpg,1,0,0,0,0,0,0,0,0,0,"['car', 'not_corvette']"
cars_1_0_0_ (144).jpg,1,0,0,0,0,0,0,0,0,0,"['car', 'not_corvette']"
cars_1_0_0_ (145).jpg,1,0,0,0,0,0,0,0,0,0,"['car', 'not_corvette']"
cars_1_0_0_ (146).jpg,1,0,0,0,0,0,0,0,0,0,"['car', 'not_corvette']"
cars_1_0_0_ (147).jpg,1,0,0,0,0,0,0,0,0,0,"['car', 'not_corvette']"
cars_1_0_0_ (148).jpg,1,0,0,0,0,0,0,0,0,0,"['car', 'not_corvette']"
cars_1_0_0_ (149).jpg,1,0,0,0,0,0,0,0,0,0,"['car', 'not_corvette']"
cars_1_0_0_ (150).jpg,1,0,0,0,0,0,0,0,0,0,"['car', 'not_corvette']"
cars_1_0_0_ (151).jpg,1,0,0,0,0,0,0,0,0,0,"['car', 'not_corvette']"
cars_1_0_0_ (152).jpg,1,0,0,0,0,0,0,0,0,0,"['car', 'not_corvette']"
cars_1_0_0_ (153).jpg,1,0,0,0,0,0,0,0,0,0,"['car', 'not_corvette']"
cars_1_0_0_ (154).jpg,1,0,0,0,0,0,0,0,0,0,"['car', 'not_corvette']"
cars_1_0_0_ (18).jpg,1,0,0,0,0,0,0,0,0,0,"['car', 'not_corvette']"
cars_1_0_0_ (19).jpg,1,0,0,0,0,0,0,0,0,0,"['car', 'not_corvette']"
cars_1_0_0_ (20).jpg,1,0,0,0,0,0,0,0,0,0,"['car', 'not_corvette']"
cars_1_0_0_ (21).jpg,1,0,0,0,0,0,0,0,0,0,"['car', 'not_corvette']"
cars_1_0_0_ (22).jpg,1,0,0,0,0,0,0,0,0,0,"['car', 'not_corvette']"
cars_1_0_0_ (23).jpg,1,0,0,0,0,0,0,0,0,0,"['car', 'not_corvette']"
cars_1_0_0_ (24).jpg,1,0,0,0,0,0,0,0,0,0,"['car', 'not_corvette']"
cars_1_0_0_ (25).jpg,1,0,0,0,0,0,0,0,0,0,"['car', 'not_corvette']"
cars_1_0_0_ (26).jpg,1,0,0,0,0,0,0,0,0,0,"['car', 'not_corvette']"
cars_1_0_0_ (27).jpg,1,0,0,0,0,0,0,0,0,0,"['car', 'not_corvette']"
cars_1_0_0_ (65).jpg,1,0,0,0,0,0,0,0,0,0,"['car', 'not_corvette']"
cars_1_0_0_ (66).jpg,1,0,0,0,0,0,0,0,0,0,"['car', 'not_corvette']"
cars_1_0_0_ (67).jpg,1,0,0,0,0,0,0,0,0,0,"['car', 'not_corvette']"
cars_1_0_0_ (68).jpg,1,0,0,0,0,0,0,0,0,0,"['car', 'not_corvette']"
cars_1_0_0_ (69).jpg,1,0,0,0,0,0,0,0,0,0,"['car', 'not_corvette']"
cars_1_0_0_ (70).jpg,1,0,0,0,0,0,0,0,0,0,"['car', 'not_corvette']"
cars_1_0_0_ (71).jpg,1,0,0,0,0,0,0,0,0,0,"['car', 'not_corvette']"
cars_1_0_0_ (72).jpg,1,0,0,0,0,0,0,0,0,0,"['car', 'not_corvette']"
cars_1_0_0_ (73).jpg,1,0,0,0,0,0,0,0,0,0,"['car', 'not_corvette']"
cars_1_0_0_ (74).jpg,1,0,0,0,0,0,0,0,0,0,"['car', 'not_corvette']"
cars_1_0_0_ (75).jpg,1,0,0,0,0,0,0,0,0,0,"['car', 'not_corvette']"
cars_1_0_0_ (76).jpg,1,0,0,0,0,0,0,0,0,0,"['car', 'not_corvette']"
cars_1_0_0_ (77).jpg,1,0,0,0,0,0,0,0,0,0,"['car', 'not_corvette']"
cars_1_0_0_ (78).jpg,1,0,0,0,0,0,0,0,0,0,"['car', 'not_corvette']"
cars_1_0_0_ (79).jpg,1,0,0,0,0,0,0,0,0,0,"['car', 'not_corvette']"
cars_1_0_0_ (80).jpg,1,0,0,0,0,0,0,0,0,0,"['car', 'not_corvette']"
cars_1_0_0_ (81).jpg,1,0,0,0,0,0,0,0,0,0,"['car', 'not_corvette']"
cars_1_0_0_ (82).jpg,1,0,0,0,0,0,0,0,0,0,"['car', 'not_corvette']"
cars_1_0_0_ (83).jpg,1,0,0,0,0,0,0,0,0,0,"['car', 'not_corvette']"
cars_1_0_0_ (84).jpg,1,0,0,0,0,0,0,0,0,0,"['car', 'not_corvette']"
cars_1_0_0_ (85).jpg,1,0,0,0,0,0,0,0,0,0,"['car', 'not_corvette']"
cars_1_0_0_ (86).jpg,1,0,0,0,0,0,0,0,0,0,"['car', 'not_corvette']"
cars_1_0_0_ (87).jpg,1,0,0,0,0,0,0,0,0,0,"['car', 'not_corvette']"
cars_1_0_0_ (88).jpg,1,0,0,0,0,0,0,0,0,0,"['car', 'not_corvette']"
cars_1_0_0_ (89).jpg,1,0,0,0,0,0,0,0,0,0,"['car', 'not_corvette']"
cars_1_0_0_ (90).jpg,1,0,0,0,0,0,0,0,0,0,"['car', 'not_corvette']"
cars_1_0_0_ (91).jpg,1,0,0,0,0,0,0,0,0,0,"['car', 'not_corvette']"
cars_1_0_0_ (92).jpg,1,0,0,0,0,0,0,0,0,0,"['car', 'not_corvette']"
cars_1_0_0_ (93).jpg,1,0,0,0,0,0,0,0,0,0,"['car', 'not_corvette']"
cars_1_0_0_ (94).jpg,1,0,0,0,0,0,0,0,0,0,"['car', 'not_corvette']"
cars_1_0_0_ (95).jpg,1,0,0,0,0,0,0,0,0,0,"['car', 'not_corvette']"
cars_1_0_0_ (96).jpg,1,0,0,0,0,0,0,0,0,0,"['car', 'not_corvette']"
cars_1_0_0_ (97).jpg,1,0,0,0,0,0,0,0,0,0,"['car', 'not_corvette']"
cars_1_0_0_ (98).jpg,1,0,0,0,0,0,0,0,0,0,"['car', 'not_corvette']"
cars_1_0_0_ (99).jpg,1,0,0,0,0,0,0,0,0,0,"['car', 'not_corvette']"
corvette_1_1_1_ (10).jpg,1,1,1,0,0,0,0,0,0,0,"['car', 'corvette', 'c1']"
corvette_1_1_1_ (11).jpg,1,1,1,0,0,0,0,0,0,0,"['car', 'corvette', 'c1']"
corvette_1_1_1_ (12).jpg,1,1,1,0,0,0,0,0,0,0,"['car', 'corvette', 'c1']"
corvette_1_1_1_ (13).jpg,1,1,1,0,0,0,0,0,0,0,"['car', 'corvette', 'c1']"
corvette_1_1_1_ (4).png,1,1,1,0,0,0,0,0,0,0,"['car', 'corvette', 'c1']"
corvette_1_1_1_ (5).jpg,1,1,1,0,0,0,0,0,0,0,"['car', 'corvette', 'c1']"
corvette_1_1_1_ (6).jpg,1,1,1,0,0,0,0,0,0,0,"['car', 'corvette', 'c1']"
corvette_1_1_1_ (7).jpg,1,1,1,0,0,0,0,0,0,0,"['car', 'corvette', 'c1']"
corvette_1_1_1_ (8).jpg,1,1,1,0,0,0,0,0,0,0,"['car', 'corvette', 'c1']"
corvette_1_1_1_ (839).jpg,1,1,1,0,0,0,0,0,0,0,"['car', 'corvette', 'c1']"
corvette_1_1_1_ (840).jpg,1,1,1,0,0,0,0,0,0,0,"['car', 'corvette', 'c1']"
corvette_1_1_1_ (841).jpg,1,1,1,0,0,0,0,0,0,0,"['car', 'corvette', 'c1']"
corvette_1_1_1_ (842).jpg,1,1,1,0,0,0,0,0,0,0,"['car', 'corvette', 'c1']"
corvette_1_1_1_ (843).jpg,1,1,1,0,0,0,0,0,0,0,"['car', 'corvette', 'c1']"
corvette_1_1_1_ (844).jpg,1,1,1,0,0,0,0,0,0,0,"['car', 'corvette', 'c1']"
corvette_1_1_1_ (845).jpg,1,1,1,0,0,0,0,0,0,0,"['car', 'corvette', 'c1']"
corvette_1_1_1_ (846).jpg,1,1,1,0,0,0,0,0,0,0,"['car', 'corvette', 'c1']"
corvette_1_1_1_ (847).jpg,1,1,1,0,0,0,0,0,0,0,"['car', 'corvette', 'c1']"
corvette_1_1_1_ (848).jpg,1,1,1,0,0,0,0,0,0,0,"['car', 'corvette', 'c1']"
corvette_1_1_1_ (849).jpg,1,1,1,0,0,0,0,0,0,0,"['car', 'corvette', 'c1']"
corvette_1_1_1_ (850).jpg,1,1,1,0,0,0,0,0,0,0,"['car', 'corvette', 'c1']"
corvette_1_1_1_ (851).jpg,1,1,1,0,0,0,0,0,0,0,"['car', 'corvette', 'c1']"
corvette_1_1_1_ (852).jpg,1,1,1,0,0,0,0,0,0,0,"['car', 'corvette', 'c1']"
corvette_1_1_1_ (853).jpg,1,1,1,0,0,0,0,0,0,0,"['car', 'corvette', 'c1']"
corvette_1_1_1_ (854).jpg,1,1,1,0,0,0,0,0,0,0,"['car', 'corvette', 'c1']"
corvette_1_1_1_ (855).jpg,1,1,1,0,0,0,0,0,0,0,"['car', 'corvette', 'c1']"
corvette_1_1_1_ (856).jpg,1,1,1,0,0,0,0,0,0,0,"['car', 'corvette', 'c1']"
corvette_1_1_1_ (857).jpg,1,1,1,0,0,0,0,0,0,0,"['car', 'corvette', 'c1']"
corvette_1_1_1_ (858).jpg,1,1,1,0,0,0,0,0,0,0,"['car', 'corvette', 'c1']"
corvette_1_1_1_ (859).jpg,1,1,1,0,0,0,0,0,0,0,"['car', 'corvette', 'c1']"
corvette_1_1_1_ (860).jpg,1,1,1,0,0,0,0,0,0,0,"['car', 'corvette', 'c1']"
corvette_1_1_1_ (861).JPG,1,1,1,0,0,0,0,0,0,0,"['car', 'corvette', 'c1']"
corvette_1_1_1_ (862).jpg,1,1,1,0,0,0,0,0,0,0,"['car', 'corvette', 'c1']"
corvette_1_1_1_ (863).jpg,1,1,1,0,0,0,0,0,0,0,"['car', 'corvette', 'c1']"
corvette_1_1_1_ (864).jpg,1,1,1,0,0,0,0,0,0,0,"['car', 'corvette', 'c1']"
corvette_1_1_1_ (865).jpg,1,1,1,0,0,0,0,0,0,0,"['car', 'corvette', 'c1']"
corvette_1_1_1_ (866).jpg,1,1,1,0,0,0,0,0,0,0,"['car', 'corvette', 'c1']"
corvette_1_1_1_ (867).jpg,1,1,1,0,0,0,0,0,0,0,"['car', 'corvette', 'c1']"
corvette_1_1_1_ (868).jpg,1,1,1,0,0,0,0,0,0,0,"['car', 'corvette', 'c1']"
corvette_1_1_1_ (869).jpg,1,1,1,0,0,0,0,0,0,0,"['car', 'corvette', 'c1']"
corvette_1_1_1_ (870).jpg,1,1,1,0,0,0,0,0,0,0,"['car', 'corvette', 'c1']"
corvette_1_1_1_ (871).jpg,1,1,1,0,0,0,0,0,0,0,"['car', 'corvette', 'c1']"
corvette_1_1_1_ (872).jpg,1,1,1,0,0,0,0,0,0,0,"['car', 'corvette', 'c1']"
corvette_1_1_1_ (873).jpg,1,1,1,0,0,0,0,0,0,0,"['car', 'corvette', 'c1']"
corvette_1_1_1_ (874).jpg,1,1,1,0,0,0,0,0,0,0,"['car', 'corvette', 'c1']"
corvette_1_1_1_ (875).jpg,1,1,1,0,0,0,0,0,0,0,"['car', 'corvette', 'c1']"
corvette_1_1_1_ (876).jpg,1,1,1,0,0,0,0,0,0,0,"['car', 'corvette', 'c1']"
corvette_1_1_1_ (877).jpg,1,1,1,0,0,0,0,0,0,0,"['car', 'corvette', 'c1']"
corvette_1_1_1_ (878).jpg,1,1,1,0,0,0,0,0,0,0,"['car', 'corvette', 'c1']"
corvette_1_1_1_ (879).jpg,1,1,1,0,0,0,0,0,0,0,"['car', 'corvette', 'c1']"
corvette_1_1_1_ (880).jpg,1,1,1,0,0,0,0,0,0,0,"['car', 'corvette', 'c1']"
corvette_1_1_1_ (881).jpg,1,1,1,0,0,0,0,0,0,0,"['car', 'corvette', 'c1']"
corvette_1_1_1_ (882).jpg,1,1,1,0,0,0,0,0,0,0,"['car', 'corvette', 'c1']"
corvette_1_1_1_ (883).jpg,1,1,1,0,0,0,0,0,0,0,"['car', 'corvette', 'c1']"
corvette_1_1_1_ (884).jpg,1,1,1,0,0,0,0,0,0,0,"['car', 'corvette', 'c1']"
corvette_1_1_1_ (885).jpg,1,1,1,0,0,0,0,0,0,0,"['car', 'corvette', 'c1']"
corvette_1_1_1_ (886).jpg,1,1,1,0,0,0,0,0,0,0,"['car', 'corvette', 'c1']"
corvette_1_1_1_ (887).jpg,1,1,1,0,0,0,0,0,0,0,"['car', 'corvette', 'c1']"
corvette_1_1_1_ (888).jpg,1,1,1,0,0,0,0,0,0,0,"['car', 'corvette', 'c1']"
corvette_1_1_1_ (889).jpg,1,1,1,0,0,0,0,0,0,0,"['car', 'corvette', 'c1']"
corvette_1_1_1_ (890).jpg,1,1,1,0,0,0,0,0,0,0,"['car', 'corvette', 'c1']"
corvette_1_1_1_ (891).jpg,1,1,1,0,0,0,0,0,0,0,"['car', 'corvette', 'c1']"
corvette_1_1_1_ (892).jpg,1,1,1,0,0,0,0,0,0,0,"['car', 'corvette', 'c1']"
corvette_1_1_1_ (893).jpg,1,1,1,0,0,0,0,0,0,0,"['car', 'corvette', 'c1']"
corvette_1_1_1_ (894).jpg,1,1,1,0,0,0,0,0,0,0,"['car', 'corvette', 'c1']"
corvette_1_1_1_ (895).jpg,1,1,1,0,0,0,0,0,0,0,"['car', 'corvette', 'c1']"
corvette_1_1_1_ (896).jpg,1,1,1,0,0,0,0,0,0,0,"['car', 'corvette', 'c1']"
corvette_1_1_1_ (897).jpg,1,1,1,0,0,0,0,0,0,0,"['car', 'corvette', 'c1']"
corvette_1_1_1_ (898).jpg,1,1,1,0,0,0,0,0,0,0,"['car', 'corvette', 'c1']"
corvette_1_1_1_ (899).jpg,1,1,1,0,0,0,0,0,0,0,"['car', 'corvette', 'c1']"
corvette_1_1_1_ (9).jpg,1,1,1,0,0,0,0,0,0,0,"['car', 'corvette', 'c1']"
corvette_1_1_1_ (900).jpg,1,1,1,0,0,0,0,0,0,0,"['car', 'corvette', 'c1']"
corvette_1_1_1_ (901).jpg,1,1,1,0,0,0,0,0,0,0,"['car', 'corvette', 'c1']"
corvette_1_1_1_ (902).jpg,1,1,1,0,0,0,0,0,0,0,"['car', 'corvette', 'c1']"
corvette_1_1_1_ (903).jpg,1,1,1,0,0,0,0,0,0,0,"['car', 'corvette', 'c1']"
corvette_1_1_1_ (904).jpg,1,1,1,0,0,0,0,0,0,0,"['car', 'corvette', 'c1']"
corvette_1_1_1_ (905).jpg,1,1,1,0,0,0,0,0,0,0,"['car', 'corvette', 'c1']"
corvette_1_1_1_ (906).jpg,1,1,1,0,0,0,0,0,0,0,"['car', 'corvette', 'c1']"
corvette_1_1_1_ (907).jpg,1,1,1,0,0,0,0,0,0,0,"['car', 'corvette', 'c1']"
corvette_1_1_1_ (908).jpg,1,1,1,0,0,0,0,0,0,0,"['car', 'corvette', 'c1']"
corvette_1_1_1_ (909).jpg,1,1,1,0,0,0,0,0,0,0,"['car', 'corvette', 'c1']"
corvette_1_1_1_ (910).jpg,1,1,1,0,0,0,0,0,0,0,"['car', 'corvette', 'c1']"
corvette_1_1_1_ (911).jpg,1,1,1,0,0,0,0,0,0,0,"['car', 'corvette', 'c1']"
corvette_1_1_1_ (912).jpg,1,1,1,0,0,0,0,0,0,0,"['car', 'corvette', 'c1']"
corvette_1_1_1_ (913).JPG,1,1,1,0,0,0,0,0,0,0,"['car', 'corvette', 'c1']"
corvette_1_1_1_ (914).jpg,1,1,1,0,0,0,0,0,0,0,"['car', 'corvette', 'c1']"
corvette_1_1_1_ (915).jpg,1,1,1,0,0,0,0,0,0,0,"['car', 'corvette', 'c1']"
corvette_1_1_1_ (916).jpg,1,1,1,0,0,0,0,0,0,0,"['car', 'corvette', 'c1']"
corvette_1_1_1_ (917).jpg,1,1,1,0,0,0,0,0,0,0,"['car', 'corvette', 'c1']"
corvette_1_1_1_ (918).jpg,1,1,1,0,0,0,0,0,0,0,"['car', 'corvette', 'c1']"
corvette_1_1_1_ (919).jpg,1,1,1,0,0,0,0,0,0,0,"['car', 'corvette', 'c1']"
corvette_1_1_1_ (920).jpg,1,1,1,0,0,0,0,0,0,0,"['car', 'corvette', 'c1']"
corvette_1_1_1_ (921).jpg,1,1,1,0,0,0,0,0,0,0,"['car', 'corvette', 'c1']"
corvette_1_1_1_ (922).jpg,1,1,1,0,0,0,0,0,0,0,"['car', 'corvette', 'c1']"
corvette_1_1_1_ (923).jpg,1,1,1,0,0,0,0,0,0,0,"['car', 'corvette', 'c1']"
corvette_1_1_1_ (924).jpg,1,1,1,0,0,0,0,0,0,0,"['car', 'corvette', 'c1']"
corvette_1_1_1_ (925).jpg,1,1,1,0,0,0,0,0,0,0,"['car', 'corvette', 'c1']"
corvette_1_1_1_ (926).jpg,1,1,1,0,0,0,0,0,0,0,"['car', 'corvette', 'c1']"
corvette_1_1_1_ (927).jpg,1,1,1,0,0,0,0,0,0,0,"['car', 'corvette', 'c1']"
corvette_1_1_1_ (929).jpg,1,1,1,0,0,0,0,0,0,0,"['car', 'corvette', 'c1']"
corvette_1_1_1_ (930).jpg,1,1,1,0,0,0,0,0,0,0,"['car', 'corvette', 'c1']"
corvette_1_1_1_ (931).jpg,1,1,1,0,0,0,0,0,0,0,"['car', 'corvette', 'c1']"
corvette_1_1_1_ (932).jpg,1,1,1,0,0,0,0,0,0,0,"['car', 'corvette', 'c1']"
corvette_1_1_1_ (933).jpg,1,1,1,0,0,0,0,0,0,0,"['car', 'corvette', 'c1']"
corvette_1_1_1_ (934).jpg,1,1,1,0,0,0,0,0,0,0,"['car', 'corvette', 'c1']"
corvette_1_1_1_ (935).jpg,1,1,1,0,0,0,0,0,0,0,"['car', 'corvette', 'c1']"
corvette_1_1_1_ (936).jpg,1,1,1,0,0,0,0,0,0,0,"['car', 'corvette', 'c1']"
corvette_1_1_1_ (937).jpg,1,1,1,0,0,0,0,0,0,0,"['car', 'corvette', 'c1']"
corvette_1_1_1_ (938).jpg,1,1,1,0,0,0,0,0,0,0,"['car', 'corvette', 'c1']"
corvette_1_1_1_ (939).jpg,1,1,1,0,0,0,0,0,0,0,"['car', 'corvette', 'c1']"
corvette_1_1_1_ (940).jpg,1,1,1,0,0,0,0,0,0,0,"['car', 'corvette', 'c1']"
corvette_1_1_1_ (941).jpg,1,1,1,0,0,0,0,0,0,0,"['car', 'corvette', 'c1']"
corvette_1_1_1_ (943).JPG,1,1,1,0,0,0,0,0,0,0,"['car', 'corvette', 'c1']"
corvette_1_1_1_ (944).jpg,1,1,1,0,0,0,0,0,0,0,"['car', 'corvette', 'c1']"
corvette_1_1_1_ (945).jpg,1,1,1,0,0,0,0,0,0,0,"['car', 'corvette', 'c1']"
corvette_1_1_1_ (946).jpg,1,1,1,0,0,0,0,0,0,0,"['car', 'corvette', 'c1']"
corvette_1_1_1_ (947).jpg,1,1,1,0,0,0,0,0,0,0,"['car', 'corvette', 'c1']"
corvette_1_1_1_ (948).jpg,1,1,1,0,0,0,0,0,0,0,"['car', 'corvette', 'c1']"
corvette_1_1_1_ (949).jpg,1,1,1,0,0,0,0,0,0,0,"['car', 'corvette', 'c1']"
corvette_1_1_1_ (950).jpg,1,1,1,0,0,0,0,0,0,0,"['car', 'corvette', 'c1']"
corvette_1_1_1_ (951).jpg,1,1,1,0,0,0,0,0,0,0,"['car', 'corvette', 'c1']"
corvette_1_1_1_ (952).jpg,1,1,1,0,0,0,0,0,0,0,"['car', 'corvette', 'c1']"
corvette_1_1_1_ (953).jpg,1,1,1,0,0,0,0,0,0,0,"['car', 'corvette', 'c1']"
corvette_1_1_1_ (954).jpg,1,1,1,0,0,0,0,0,0,0,"['car', 'corvette', 'c1']"
corvette_1_1_1_ (955).jpg,1,1,1,0,0,0,0,0,0,0,"['car', 'corvette', 'c1']"
corvette_1_1_1_ (956).jpg,1,1,1,0,0,0,0,0,0,0,"['car', 'corvette', 'c1']"
corvette_1_1_1_ (957).jpg,1,1,1,0,0,0,0,0,0,0,"['car', 'corvette', 'c1']"
corvette_1_1_1_ (958).jpg,1,1,1,0,0,0,0,0,0,0,"['car', 'corvette', 'c1']"
corvette_1_1_1_ (959).jpg,1,1,1,0,0,0,0,0,0,0,"['car', 'corvette', 'c1']"
corvette_1_1_1_ (960).jpg,1,1,1,0,0,0,0,0,0,0,"['car', 'corvette', 'c1']"
corvette_1_1_1_ (961).jpg,1,1,1,0,0,0,0,0,0,0,"['car', 'corvette', 'c1']"
corvette_1_1_1_ (962).jpg,1,1,1,0,0,0,0,0,0,0,"['car', 'corvette', 'c1']"
corvette_1_1_1_ (963).jpg,1,1,1,0,0,0,0,0,0,0,"['car', 'corvette', 'c1']"
corvette_1_1_1_ (964).jpg,1,1,1,0,0,0,0,0,0,0,"['car', 'corvette', 'c1']"
corvette_1_1_1_ (965).jpg,1,1,1,0,0,0,0,0,0,0,"['car', 'corvette', 'c1']"
corvette_1_1_1_ (966).jpg,1,1,1,0,0,0,0,0,0,0,"['car', 'corvette', 'c1']"
corvette_1_1_1_ (967).jpg,1,1,1,0,0,0,0,0,0,0,"['car', 'corvette', 'c1']"
corvette_1_1_2_ (10).jpeg,1,1,0,1,0,0,0,0,0,0,"['car', 'corvette', 'c2']"
corvette_1_1_2_ (10).jpg,1,1,0,1,0,0,0,0,0,0,"['car', 'corvette', 'c2']"
corvette_1_1_2_ (10).png,1,1,0,1,0,0,0,0,0,0,"['car', 'corvette', 'c2']"
corvette_1_1_2_ (11).jpeg,1,1,0,1,0,0,0,0,0,0,"['car', 'corvette', 'c2']"
corvette_1_1_2_ (11).jpg,1,1,0,1,0,0,0,0,0,0,"['car', 'corvette', 'c2']"
corvette_1_1_2_ (11).png,1,1,0,1,0,0,0,0,0,0,"['car', 'corvette', 'c2']"
corvette_1_1_2_ (12).jpeg,1,1,0,1,0,0,0,0,0,0,"['car', 'corvette', 'c2']"
corvette_1_1_2_ (12).jpg,1,1,0,1,0,0,0,0,0,0,"['car', 'corvette', 'c2']"
corvette_1_1_2_ (12).png,1,1,0,1,0,0,0,0,0,0,"['car', 'corvette', 'c2']"
corvette_1_1_2_ (13).jpeg,1,1,0,1,0,0,0,0,0,0,"['car', 'corvette', 'c2']"
corvette_1_1_2_ (13).jpg,1,1,0,1,0,0,0,0,0,0,"['car', 'corvette', 'c2']"
corvette_1_1_2_ (13).png,1,1,0,1,0,0,0,0,0,0,"['car', 'corvette', 'c2']"
corvette_1_1_2_ (14).jpeg,1,1,0,1,0,0,0,0,0,0,"['car', 'corvette', 'c2']"
corvette_1_1_2_ (14).jpg,1,1,0,1,0,0,0,0,0,0,"['car', 'corvette', 'c2']"
corvette_1_1_2_ (14).png,1,1,0,1,0,0,0,0,0,0,"['car', 'corvette', 'c2']"
corvette_1_1_2_ (15).JPG,1,1,0,1,0,0,0,0,0,0,"['car', 'corvette', 'c2']"
corvette_1_1_2_ (15).png,1,1,0,1,0,0,0,0,0,0,"['car', 'corvette', 'c2']"
corvette_1_1_2_ (16).jpg,1,1,0,1,0,0,0,0,0,0,"['car', 'corvette', 'c2']"
corvette_1_1_2_ (16).png,1,1,0,1,0,0,0,0,0,0,"['car', 'corvette', 'c2']"
corvette_1_1_2_ (17).jpg,1,1,0,1,0,0,0,0,0,0,"['car', 'corvette', 'c2']"
corvette_1_1_2_ (17).png,1,1,0,1,0,0,0,0,0,0,"['car', 'corvette', 'c2']"
corvette_1_1_2_ (18).jpg,1,1,0,1,0,0,0,0,0,0,"['car', 'corvette', 'c2']"
corvette_1_1_2_ (18).png,1,1,0,1,0,0,0,0,0,0,"['car', 'corvette', 'c2']"
corvette_1_1_2_ (19).jpg,1,1,0,1,0,0,0,0,0,0,"['car', 'corvette', 'c2']"
corvette_1_1_2_ (19).png,1,1,0,1,0,0,0,0,0,0,"['car', 'corvette', 'c2']"
corvette_1_1_2_ (20).jpg,1,1,0,1,0,0,0,0,0,0,"['car', 'corvette', 'c2']"
corvette_1_1_2_ (20).png,1,1,0,1,0,0,0,0,0,0,"['car', 'corvette', 'c2']"
corvette_1_1_2_ (21).jpg,1,1,0,1,0,0,0,0,0,0,"['car', 'corvette', 'c2']"
corvette_1_1_2_ (21).png,1,1,0,1,0,0,0,0,0,0,"['car', 'corvette', 'c2']"
corvette_1_1_2_ (22).jpg,1,1,0,1,0,0,0,0,0,0,"['car', 'corvette', 'c2']"
corvette_1_1_2_ (22).png,1,1,0,1,0,0,0,0,0,0,"['car', 'corvette', 'c2']"
corvette_1_1_2_ (23).jpg,1,1,0,1,0,0,0,0,0,0,"['car', 'corvette', 'c2']"
corvette_1_1_2_ (23).png,1,1,0,1,0,0,0,0,0,0,"['car', 'corvette', 'c2']"
corvette_1_1_2_ (24).jpg,1,1,0,1,0,0,0,0,0,0,"['car', 'corvette', 'c2']"
corvette_1_1_2_ (24).png,1,1,0,1,0,0,0,0,0,0,"['car', 'corvette', 'c2']"
corvette_1_1_2_ (25).jpg,1,1,0,1,0,0,0,0,0,0,"['car', 'corvette', 'c2']"
corvette_1_1_2_ (25).png,1,1,0,1,0,0,0,0,0,0,"['car', 'corvette', 'c2']"
corvette_1_1_2_ (26).jpg,1,1,0,1,0,0,0,0,0,0,"['car', 'corvette', 'c2']"
corvette_1_1_2_ (26).png,1,1,0,1,0,0,0,0,0,0,"['car', 'corvette', 'c2']"
corvette_1_1_2_ (27).jpg,1,1,0,1,0,0,0,0,0,0,"['car', 'corvette', 'c2']"
corvette_1_1_2_ (27).png,1,1,0,1,0,0,0,0,0,0,"['car', 'corvette', 'c2']"
corvette_1_1_2_ (28).jpg,1,1,0,1,0,0,0,0,0,0,"['car', 'corvette', 'c2']"
corvette_1_1_2_ (28).png,1,1,0,1,0,0,0,0,0,0,"['car', 'corvette', 'c2']"
corvette_1_1_2_ (29).jpg,1,1,0,1,0,0,0,0,0,0,"['car', 'corvette', 'c2']"
corvette_1_1_2_ (29).png,1,1,0,1,0,0,0,0,0,0,"['car', 'corvette', 'c2']"
corvette_1_1_2_ (3).jpeg,1,1,0,1,0,0,0,0,0,0,"['car', 'corvette', 'c2']"
corvette_1_1_2_ (3).jpg,1,1,0,1,0,0,0,0,0,0,"['car', 'corvette', 'c2']"
corvette_1_1_2_ (3).png,1,1,0,1,0,0,0,0,0,0,"['car', 'corvette', 'c2']"
corvette_1_1_2_ (30).jpg,1,1,0,1,0,0,0,0,0,0,"['car', 'corvette', 'c2']"
corvette_1_1_2_ (30).png,1,1,0,1,0,0,0,0,0,0,"['car', 'corvette', 'c2']"
corvette_1_1_2_ (31).jpg,1,1,0,1,0,0,0,0,0,0,"['car', 'corvette', 'c2']"
corvette_1_1_2_ (31).png,1,1,0,1,0,0,0,0,0,0,"['car', 'corvette', 'c2']"
corvette_1_1_2_ (32).jpg,1,1,0,1,0,0,0,0,0,0,"['car', 'corvette', 'c2']"
corvette_1_1_2_ (32).png,1,1,0,1,0,0,0,0,0,0,"['car', 'corvette', 'c2']"
corvette_1_1_2_ (33).JPG,1,1,0,1,0,0,0,0,0,0,"['car', 'corvette', 'c2']"
corvette_1_1_2_ (34).jpg,1,1,0,1,0,0,0,0,0,0,"['car', 'corvette', 'c2']"
corvette_1_1_2_ (35).jpg,1,1,0,1,0,0,0,0,0,0,"['car', 'corvette', 'c2']"
corvette_1_1_2_ (36).jpg,1,1,0,1,0,0,0,0,0,0,"['car', 'corvette', 'c2']"
corvette_1_1_2_ (37).jpg,1,1,0,1,0,0,0,0,0,0,"['car', 'corvette', 'c2']"
corvette_1_1_2_ (38).jpg,1,1,0,1,0,0,0,0,0,0,"['car', 'corvette', 'c2']"
corvette_1_1_2_ (39).jpg,1,1,0,1,0,0,0,0,0,0,"['car', 'corvette', 'c2']"
corvette_1_1_2_ (4).jpeg,1,1,0,1,0,0,0,0,0,0,"['car', 'corvette', 'c2']"
corvette_1_1_2_ (4).JPG,1,1,0,1,0,0,0,0,0,0,"['car', 'corvette', 'c2']"
corvette_1_1_2_ (4).png,1,1,0,1,0,0,0,0,0,0,"['car', 'corvette', 'c2']"
corvette_1_1_2_ (40).jpg,1,1,0,1,0,0,0,0,0,0,"['car', 'corvette', 'c2']"
corvette_1_1_2_ (41).jpg,1,1,0,1,0,0,0,0,0,0,"['car', 'corvette', 'c2']"
corvette_1_1_2_ (42).jpg,1,1,0,1,0,0,0,0,0,0,"['car', 'corvette', 'c2']"
corvette_1_1_2_ (43).jpg,1,1,0,1,0,0,0,0,0,0,"['car', 'corvette', 'c2']"
corvette_1_1_2_ (44).jpg,1,1,0,1,0,0,0,0,0,0,"['car', 'corvette', 'c2']"
corvette_1_1_2_ (45).jpg,1,1,0,1,0,0,0,0,0,0,"['car', 'corvette', 'c2']"
corvette_1_1_2_ (46).jpg,1,1,0,1,0,0,0,0,0,0,"['car', 'corvette', 'c2']"
corvette_1_1_2_ (47).jpg,1,1,0,1,0,0,0,0,0,0,"['car', 'corvette', 'c2']"
corvette_1_1_2_ (48).jpg,1,1,0,1,0,0,0,0,0,0,"['car', 'corvette', 'c2']"
corvette_1_1_2_ (5).jpeg,1,1,0,1,0,0,0,0,0,0,"['car', 'corvette', 'c2']"
corvette_1_1_2_ (5).jpg,1,1,0,1,0,0,0,0,0,0,"['car', 'corvette', 'c2']"
corvette_1_1_2_ (5).png,1,1,0,1,0,0,0,0,0,0,"['car', 'corvette', 'c2']"
corvette_1_1_2_ (6).jpeg,1,1,0,1,0,0,0,0,0,0,"['car', 'corvette', 'c2']"
corvette_1_1_2_ (6).jpg,1,1,0,1,0,0,0,0,0,0,"['car', 'corvette', 'c2']"
corvette_1_1_2_ (6).png,1,1,0,1,0,0,0,0,0,0,"['car', 'corvette', 'c2']"
corvette_1_1_2_ (7).jpeg,1,1,0,1,0,0,0,0,0,0,"['car', 'corvette', 'c2']"
corvette_1_1_2_ (7).jpg,1,1,0,1,0,0,0,0,0,0,"['car', 'corvette', 'c2']"
corvette_1_1_2_ (7).png,1,1,0,1,0,0,0,0,0,0,"['car', 'corvette', 'c2']"
corvette_1_1_2_ (8).jpeg,1,1,0,1,0,0,0,0,0,0,"['car', 'corvette', 'c2']"
corvette_1_1_2_ (8).jpg,1,1,0,1,0,0,0,0,0,0,"['car', 'corvette', 'c2']"
corvette_1_1_2_ (8).png,1,1,0,1,0,0,0,0,0,0,"['car', 'corvette', 'c2']"
corvette_1_1_2_ (9).jpeg,1,1,0,1,0,0,0,0,0,0,"['car', 'corvette', 'c2']"
corvette_1_1_2_ (9).jpg,1,1,0,1,0,0,0,0,0,0,"['car', 'corvette', 'c2']"
corvette_1_1_2_ (9).png,1,1,0,1,0,0,0,0,0,0,"['car', 'corvette', 'c2']"
corvette_1_1_3_ (131).jpg,1,1,0,0,1,0,0,0,0,0,"['car', 'corvette', 'c3']"
corvette_1_1_3_ (132).jpg,1,1,0,0,1,0,0,0,0,0,"['car', 'corvette', 'c3']"
corvette_1_1_3_ (133).jpg,1,1,0,0,1,0,0,0,0,0,"['car', 'corvette', 'c3']"
corvette_1_1_3_ (134).jpg,1,1,0,0,1,0,0,0,0,0,"['car', 'corvette', 'c3']"
corvette_1_1_3_ (135).jpg,1,1,0,0,1,0,0,0,0,0,"['car', 'corvette', 'c3']"
corvette_1_1_3_ (136).jpg,1,1,0,0,1,0,0,0,0,0,"['car', 'corvette', 'c3']"
corvette_1_1_3_ (137).jpg,1,1,0,0,1,0,0,0,0,0,"['car', 'corvette', 'c3']"
corvette_1_1_3_ (138).jpg,1,1,0,0,1,0,0,0,0,0,"['car', 'corvette', 'c3']"
corvette_1_1_3_ (139).jpg,1,1,0,0,1,0,0,0,0,0,"['car', 'corvette', 'c3']"
corvette_1_1_3_ (140).jpg,1,1,0,0,1,0,0,0,0,0,"['car', 'corvette', 'c3']"
corvette_1_1_3_ (141).jpg,1,1,0,0,1,0,0,0,0,0,"['car', 'corvette', 'c3']"
corvette_1_1_3_ (142).jpg,1,1,0,0,1,0,0,0,0,0,"['car', 'corvette', 'c3']"
corvette_1_1_3_ (143).jpg,1,1,0,0,1,0,0,0,0,0,"['car', 'corvette', 'c3']"
corvette_1_1_3_ (144).jpg,1,1,0,0,1,0,0,0,0,0,"['car', 'corvette', 'c3']"
corvette_1_1_3_ (145).jpg,1,1,0,0,1,0,0,0,0,0,"['car', 'corvette', 'c3']"
corvette_1_1_3_ (146).jpg,1,1,0,0,1,0,0,0,0,0,"['car', 'corvette', 'c3']"
corvette_1_1_3_ (147).jpg,1,1,0,0,1,0,0,0,0,0,"['car', 'corvette', 'c3']"
corvette_1_1_3_ (148).jpg,1,1,0,0,1,0,0,0,0,0,"['car', 'corvette', 'c3']"
corvette_1_1_3_ (149).jpg,1,1,0,0,1,0,0,0,0,0,"['car', 'corvette', 'c3']"
corvette_1_1_3_ (150).jpg,1,1,0,0,1,0,0,0,0,0,"['car', 'corvette', 'c3']"
corvette_1_1_3_ (151).jpg,1,1,0,0,1,0,0,0,0,0,"['car', 'corvette', 'c3']"
corvette_1_1_3_ (152).jpg,1,1,0,0,1,0,0,0,0,0,"['car', 'corvette', 'c3']"
corvette_1_1_3_ (153).jpg,1,1,0,0,1,0,0,0,0,0,"['car', 'corvette', 'c3']"
corvette_1_1_3_ (154).jpg,1,1,0,0,1,0,0,0,0,0,"['car', 'corvette', 'c3']"
corvette_1_1_3_ (155).jpg,1,1,0,0,1,0,0,0,0,0,"['car', 'corvette', 'c3']"
corvette_1_1_3_ (156).jpg,1,1,0,0,1,0,0,0,0,0,"['car', 'corvette', 'c3']"
corvette_1_1_3_ (157).jpg,1,1,0,0,1,0,0,0,0,0,"['car', 'corvette', 'c3']"
corvette_1_1_3_ (158).jpg,1,1,0,0,1,0,0,0,0,0,"['car', 'corvette', 'c3']"
corvette_1_1_3_ (159).jpg,1,1,0,0,1,0,0,0,0,0,"['car', 'corvette', 'c3']"
corvette_1_1_3_ (160).jpg,1,1,0,0,1,0,0,0,0,0,"['car', 'corvette', 'c3']"
corvette_1_1_3_ (161).jpg,1,1,0,0,1,0,0,0,0,0,"['car', 'corvette', 'c3']"
corvette_1_1_3_ (162).jpg,1,1,0,0,1,0,0,0,0,0,"['car', 'corvette', 'c3']"
corvette_1_1_3_ (163).jpg,1,1,0,0,1,0,0,0,0,0,"['car', 'corvette', 'c3']"
corvette_1_1_3_ (164).jpg,1,1,0,0,1,0,0,0,0,0,"['car', 'corvette', 'c3']"
corvette_1_1_3_ (165).jpg,1,1,0,0,1,0,0,0,0,0,"['car', 'corvette', 'c3']"
corvette_1_1_3_ (166).jpg,1,1,0,0,1,0,0,0,0,0,"['car', 'corvette', 'c3']"
corvette_1_1_3_ (167).jpg,1,1,0,0,1,0,0,0,0,0,"['car', 'corvette', 'c3']"
corvette_1_1_3_ (168).jpg,1,1,0,0,1,0,0,0,0,0,"['car', 'corvette', 'c3']"
corvette_1_1_3_ (169).jpg,1,1,0,0,1,0,0,0,0,0,"['car', 'corvette', 'c3']"
corvette_1_1_3_ (170).jpg,1,1,0,0,1,0,0,0,0,0,"['car', 'corvette', 'c3']"
corvette_1_1_3_ (171).jpg,1,1,0,0,1,0,0,0,0,0,"['car', 'corvette', 'c3']"
corvette_1_1_3_ (172).jpg,1,1,0,0,1,0,0,0,0,0,"['car', 'corvette', 'c3']"
corvette_1_1_3_ (173).jpg,1,1,0,0,1,0,0,0,0,0,"['car', 'corvette', 'c3']"
corvette_1_1_3_ (174).jpg,1,1,0,0,1,0,0,0,0,0,"['car', 'corvette', 'c3']"
corvette_1_1_3_ (175).jpg,1,1,0,0,1,0,0,0,0,0,"['car', 'corvette', 'c3']"
corvette_1_1_3_ (176).jpg,1,1,0,0,1,0,0,0,0,0,"['car', 'corvette', 'c3']"
corvette_1_1_3_ (177).jpg,1,1,0,0,1,0,0,0,0,0,"['car', 'corvette', 'c3']"
corvette_1_1_3_ (178).jpg,1,1,0,0,1,0,0,0,0,0,"['car', 'corvette', 'c3']"
corvette_1_1_3_ (179).jpg,1,1,0,0,1,0,0,0,0,0,"['car', 'corvette', 'c3']"
corvette_1_1_3_ (180).jpg,1,1,0,0,1,0,0,0,0,0,"['car', 'corvette', 'c3']"
corvette_1_1_3_ (181).jpg,1,1,0,0,1,0,0,0,0,0,"['car', 'corvette', 'c3']"
corvette_1_1_3_ (183).jpg,1,1,0,0,1,0,0,0,0,0,"['car', 'corvette', 'c3']"
corvette_1_1_3_ (184).jpg,1,1,0,0,1,0,0,0,0,0,"['car', 'corvette', 'c3']"
corvette_1_1_3_ (185).jpg,1,1,0,0,1,0,0,0,0,0,"['car', 'corvette', 'c3']"
corvette_1_1_3_ (186).jpg,1,1,0,0,1,0,0,0,0,0,"['car', 'corvette', 'c3']"
corvette_1_1_3_ (187).jpg,1,1,0,0,1,0,0,0,0,0,"['car', 'corvette', 'c3']"
corvette_1_1_3_ (188).jpg,1,1,0,0,1,0,0,0,0,0,"['car', 'corvette', 'c3']"
corvette_1_1_3_ (189).jpg,1,1,0,0,1,0,0,0,0,0,"['car', 'corvette', 'c3']"
corvette_1_1_3_ (190).jpg,1,1,0,0,1,0,0,0,0,0,"['car', 'corvette', 'c3']"
corvette_1_1_3_ (191).jpg,1,1,0,0,1,0,0,0,0,0,"['car', 'corvette', 'c3']"
corvette_1_1_3_ (192).jpg,1,1,0,0,1,0,0,0,0,0,"['car', 'corvette', 'c3']"
corvette_1_1_3_ (193).jpg,1,1,0,0,1,0,0,0,0,0,"['car', 'corvette', 'c3']"
corvette_1_1_3_ (194).jpg,1,1,0,0,1,0,0,0,0,0,"['car', 'corvette', 'c3']"
corvette_1_1_3_ (195).jpg,1,1,0,0,1,0,0,0,0,0,"['car', 'corvette', 'c3']"
corvette_1_1_3_ (196).jpg,1,1,0,0,1,0,0,0,0,0,"['car', 'corvette', 'c3']"
corvette_1_1_3_ (197).jpg,1,1,0,0,1,0,0,0,0,0,"['car', 'corvette', 'c3']"
corvette_1_1_3_ (198).jpg,1,1,0,0,1,0,0,0,0,0,"['car', 'corvette', 'c3']"
corvette_1_1_3_ (199).jpg,1,1,0,0,1,0,0,0,0,0,"['car', 'corvette', 'c3']"
corvette_1_1_3_ (200).jpg,1,1,0,0,1,0,0,0,0,0,"['car', 'corvette', 'c3']"
corvette_1_1_3_ (201).jpg,1,1,0,0,1,0,0,0,0,0,"['car', 'corvette', 'c3']"
corvette_1_1_3_ (202).jpg,1,1,0,0,1,0,0,0,0,0,"['car', 'corvette', 'c3']"
corvette_1_1_3_ (203).jpg,1,1,0,0,1,0,0,0,0,0,"['car', 'corvette', 'c3']"
corvette_1_1_3_ (204).jpg,1,1,0,0,1,0,0,0,0,0,"['car', 'corvette', 'c3']"
corvette_1_1_3_ (205).jpg,1,1,0,0,1,0,0,0,0,0,"['car', 'corvette', 'c3']"
corvette_1_1_3_ (206).jpg,1,1,0,0,1,0,0,0,0,0,"['car', 'corvette', 'c3']"
corvette_1_1_3_ (207).jpg,1,1,0,0,1,0,0,0,0,0,"['car', 'corvette', 'c3']"
corvette_1_1_3_ (208).jpg,1,1,0,0,1,0,0,0,0,0,"['car', 'corvette', 'c3']"
corvette_1_1_3_ (209).jpg,1,1,0,0,1,0,0,0,0,0,"['car', 'corvette', 'c3']"
corvette_1_1_3_ (210).jpg,1,1,0,0,1,0,0,0,0,0,"['car', 'corvette', 'c3']"
corvette_1_1_3_ (211).jpg,1,1,0,0,1,0,0,0,0,0,"['car', 'corvette', 'c3']"
corvette_1_1_3_ (212).jpg,1,1,0,0,1,0,0,0,0,0,"['car', 'corvette', 'c3']"
corvette_1_1_3_ (213).jpg,1,1,0,0,1,0,0,0,0,0,"['car', 'corvette', 'c3']"
corvette_1_1_3_ (214).jpg,1,1,0,0,1,0,0,0,0,0,"['car', 'corvette', 'c3']"
corvette_1_1_3_ (215).jpg,1,1,0,0,1,0,0,0,0,0,"['car', 'corvette', 'c3']"
corvette_1_1_3_ (216).jpg,1,1,0,0,1,0,0,0,0,0,"['car', 'corvette', 'c3']"
corvette_1_1_3_ (217).jpg,1,1,0,0,1,0,0,0,0,0,"['car', 'corvette', 'c3']"
corvette_1_1_3_ (218).jpg,1,1,0,0,1,0,0,0,0,0,"['car', 'corvette', 'c3']"
corvette_1_1_3_ (219).jpg,1,1,0,0,1,0,0,0,0,0,"['car', 'corvette', 'c3']"
corvette_1_1_3_ (220).jpg,1,1,0,0,1,0,0,0,0,0,"['car', 'corvette', 'c3']"
corvette_1_1_3_ (221).jpg,1,1,0,0,1,0,0,0,0,0,"['car', 'corvette', 'c3']"
corvette_1_1_3_ (222).jpg,1,1,0,0,1,0,0,0,0,0,"['car', 'corvette', 'c3']"
corvette_1_1_3_ (223).jpg,1,1,0,0,1,0,0,0,0,0,"['car', 'corvette', 'c3']"
corvette_1_1_3_ (224).jpg,1,1,0,0,1,0,0,0,0,0,"['car', 'corvette', 'c3']"
corvette_1_1_3_ (225).jpg,1,1,0,0,1,0,0,0,0,0,"['car', 'corvette', 'c3']"
corvette_1_1_3_ (226).jpg,1,1,0,0,1,0,0,0,0,0,"['car', 'corvette', 'c3']"
corvette_1_1_3_ (4).jpeg,1,1,0,0,1,0,0,0,0,0,"['car', 'corvette', 'c3']"
corvette_1_1_3_ (4).jpg,1,1,0,0,1,0,0,0,0,0,"['car', 'corvette', 'c3']"
corvette_1_1_3_ (4).png,1,1,0,0,1,0,0,0,0,0,"['car', 'corvette', 'c3']"
corvette_1_1_3_ (5).jpeg,1,1,0,0,1,0,0,0,0,0,"['car', 'corvette', 'c3']"
corvette_1_1_3_ (5).jpg,1,1,0,0,1,0,0,0,0,0,"['car', 'corvette', 'c3']"
corvette_1_1_3_ (5).png,1,1,0,0,1,0,0,0,0,0,"['car', 'corvette', 'c3']"
corvette_1_1_3_ (6).jpeg,1,1,0,0,1,0,0,0,0,0,"['car', 'corvette', 'c3']"
corvette_1_1_3_ (6).jpg,1,1,0,0,1,0,0,0,0,0,"['car', 'corvette', 'c3']"
corvette_1_1_3_ (6).png,1,1,0,0,1,0,0,0,0,0,"['car', 'corvette', 'c3']"
corvette_1_1_3_ (7).jpeg,1,1,0,0,1,0,0,0,0,0,"['car', 'corvette', 'c3']"
corvette_1_1_4_ (319).jpg,1,1,0,0,0,1,0,0,0,0,"['car', 'corvette', 'c4']"
corvette_1_1_4_ (320).jpg,1,1,0,0,0,1,0,0,0,0,"['car', 'corvette', 'c4']"
corvette_1_1_4_ (321).jpg,1,1,0,0,0,1,0,0,0,0,"['car', 'corvette', 'c4']"
corvette_1_1_4_ (322).jpg,1,1,0,0,0,1,0,0,0,0,"['car', 'corvette', 'c4']"
corvette_1_1_4_ (323).jpg,1,1,0,0,0,1,0,0,0,0,"['car', 'corvette', 'c4']"
corvette_1_1_4_ (324).jpg,1,1,0,0,0,1,0,0,0,0,"['car', 'corvette', 'c4']"
corvette_1_1_4_ (325).jpg,1,1,0,0,0,1,0,0,0,0,"['car', 'corvette', 'c4']"
corvette_1_1_4_ (326).jpg,1,1,0,0,0,1,0,0,0,0,"['car', 'corvette', 'c4']"
corvette_1_1_4_ (327).jpg,1,1,0,0,0,1,0,0,0,0,"['car', 'corvette', 'c4']"
corvette_1_1_4_ (328).jpg,1,1,0,0,0,1,0,0,0,0,"['car', 'corvette', 'c4']"
corvette_1_1_4_ (329).jpg,1,1,0,0,0,1,0,0,0,0,"['car', 'corvette', 'c4']"
corvette_1_1_4_ (330).jpg,1,1,0,0,0,1,0,0,0,0,"['car', 'corvette', 'c4']"
corvette_1_1_4_ (331).jpg,1,1,0,0,0,1,0,0,0,0,"['car', 'corvette', 'c4']"
corvette_1_1_4_ (332).jpg,1,1,0,0,0,1,0,0,0,0,"['car', 'corvette', 'c4']"
corvette_1_1_4_ (333).jpg,1,1,0,0,0,1,0,0,0,0,"['car', 'corvette', 'c4']"
corvette_1_1_4_ (334).jpg,1,1,0,0,0,1,0,0,0,0,"['car', 'corvette', 'c4']"
corvette_1_1_4_ (335).jpg,1,1,0,0,0,1,0,0,0,0,"['car', 'corvette', 'c4']"
corvette_1_1_4_ (336).jpg,1,1,0,0,0,1,0,0,0,0,"['car', 'corvette', 'c4']"
corvette_1_1_4_ (337).jpg,1,1,0,0,0,1,0,0,0,0,"['car', 'corvette', 'c4']"
corvette_1_1_4_ (338).jpg,1,1,0,0,0,1,0,0,0,0,"['car', 'corvette', 'c4']"
corvette_1_1_4_ (339).jpg,1,1,0,0,0,1,0,0,0,0,"['car', 'corvette', 'c4']"
corvette_1_1_4_ (340).jpg,1,1,0,0,0,1,0,0,0,0,"['car', 'corvette', 'c4']"
corvette_1_1_4_ (341).jpg,1,1,0,0,0,1,0,0,0,0,"['car', 'corvette', 'c4']"
corvette_1_1_4_ (342).jpg,1,1,0,0,0,1,0,0,0,0,"['car', 'corvette', 'c4']"
corvette_1_1_4_ (343).JPG,1,1,0,0,0,1,0,0,0,0,"['car', 'corvette', 'c4']"
corvette_1_1_4_ (344).jpg,1,1,0,0,0,1,0,0,0,0,"['car', 'corvette', 'c4']"
corvette_1_1_4_ (345).jpg,1,1,0,0,0,1,0,0,0,0,"['car', 'corvette', 'c4']"
corvette_1_1_4_ (346).jpg,1,1,0,0,0,1,0,0,0,0,"['car', 'corvette', 'c4']"
corvette_1_1_4_ (347).JPG,1,1,0,0,0,1,0,0,0,0,"['car', 'corvette', 'c4']"
corvette_1_1_4_ (348).jpg,1,1,0,0,0,1,0,0,0,0,"['car', 'corvette', 'c4']"
corvette_1_1_4_ (349).jpg,1,1,0,0,0,1,0,0,0,0,"['car', 'corvette', 'c4']"
corvette_1_1_4_ (350).jpg,1,1,0,0,0,1,0,0,0,0,"['car', 'corvette', 'c4']"
corvette_1_1_4_ (351).jpg,1,1,0,0,0,1,0,0,0,0,"['car', 'corvette', 'c4']"
corvette_1_1_4_ (352).jpg,1,1,0,0,0,1,0,0,0,0,"['car', 'corvette', 'c4']"
corvette_1_1_4_ (353).jpg,1,1,0,0,0,1,0,0,0,0,"['car', 'corvette', 'c4']"
corvette_1_1_4_ (354).jpg,1,1,0,0,0,1,0,0,0,0,"['car', 'corvette', 'c4']"
corvette_1_1_4_ (355).jpg,1,1,0,0,0,1,0,0,0,0,"['car', 'corvette', 'c4']"
corvette_1_1_4_ (356).jpg,1,1,0,0,0,1,0,0,0,0,"['car', 'corvette', 'c4']"
corvette_1_1_4_ (357).jpg,1,1,0,0,0,1,0,0,0,0,"['car', 'corvette', 'c4']"
corvette_1_1_4_ (358).jpg,1,1,0,0,0,1,0,0,0,0,"['car', 'corvette', 'c4']"
corvette_1_1_4_ (359).jpg,1,1,0,0,0,1,0,0,0,0,"['car', 'corvette', 'c4']"
corvette_1_1_4_ (360).jpg,1,1,0,0,0,1,0,0,0,0,"['car', 'corvette', 'c4']"
corvette_1_1_4_ (361).jpg,1,1,0,0,0,1,0,0,0,0,"['car', 'corvette', 'c4']"
corvette_1_1_4_ (362).jpg,1,1,0,0,0,1,0,0,0,0,"['car', 'corvette', 'c4']"
corvette_1_1_4_ (363).jpg,1,1,0,0,0,1,0,0,0,0,"['car', 'corvette', 'c4']"
corvette_1_1_4_ (364).jpg,1,1,0,0,0,1,0,0,0,0,"['car', 'corvette', 'c4']"
corvette_1_1_4_ (365).jpg,1,1,0,0,0,1,0,0,0,0,"['car', 'corvette', 'c4']"
corvette_1_1_4_ (366).jpg,1,1,0,0,0,1,0,0,0,0,"['car', 'corvette', 'c4']"
corvette_1_1_4_ (367).jpg,1,1,0,0,0,1,0,0,0,0,"['car', 'corvette', 'c4']"
corvette_1_1_4_ (368).jpg,1,1,0,0,0,1,0,0,0,0,"['car', 'corvette', 'c4']"
corvette_1_1_4_ (370).jpg,1,1,0,0,0,1,0,0,0,0,"['car', 'corvette', 'c4']"
corvette_1_1_4_ (371).jpg,1,1,0,0,0,1,0,0,0,0,"['car', 'corvette', 'c4']"
corvette_1_1_4_ (372).jpg,1,1,0,0,0,1,0,0,0,0,"['car', 'corvette', 'c4']"
corvette_1_1_4_ (373).jpg,1,1,0,0,0,1,0,0,0,0,"['car', 'corvette', 'c4']"
corvette_1_1_4_ (374).jpg,1,1,0,0,0,1,0,0,0,0,"['car', 'corvette', 'c4']"
corvette_1_1_4_ (375).jpg,1,1,0,0,0,1,0,0,0,0,"['car', 'corvette', 'c4']"
corvette_1_1_4_ (376).jpg,1,1,0,0,0,1,0,0,0,0,"['car', 'corvette', 'c4']"
corvette_1_1_4_ (377).jpg,1,1,0,0,0,1,0,0,0,0,"['car', 'corvette', 'c4']"
corvette_1_1_4_ (378).jpg,1,1,0,0,0,1,0,0,0,0,"['car', 'corvette', 'c4']"
corvette_1_1_4_ (379).jpg,1,1,0,0,0,1,0,0,0,0,"['car', 'corvette', 'c4']"
corvette_1_1_4_ (380).jpg,1,1,0,0,0,1,0,0,0,0,"['car', 'corvette', 'c4']"
corvette_1_1_4_ (381).jpg,1,1,0,0,0,1,0,0,0,0,"['car', 'corvette', 'c4']"
corvette_1_1_4_ (382).jpg,1,1,0,0,0,1,0,0,0,0,"['car', 'corvette', 'c4']"
corvette_1_1_4_ (383).jpg,1,1,0,0,0,1,0,0,0,0,"['car', 'corvette', 'c4']"
corvette_1_1_4_ (385).jpg,1,1,0,0,0,1,0,0,0,0,"['car', 'corvette', 'c4']"
corvette_1_1_4_ (386).jpg,1,1,0,0,0,1,0,0,0,0,"['car', 'corvette', 'c4']"
corvette_1_1_4_ (387).jpg,1,1,0,0,0,1,0,0,0,0,"['car', 'corvette', 'c4']"
corvette_1_1_4_ (388).jpg,1,1,0,0,0,1,0,0,0,0,"['car', 'corvette', 'c4']"
corvette_1_1_4_ (389).jpg,1,1,0,0,0,1,0,0,0,0,"['car', 'corvette', 'c4']"
corvette_1_1_4_ (390).jpg,1,1,0,0,0,1,0,0,0,0,"['car', 'corvette', 'c4']"
corvette_1_1_4_ (391).jpg,1,1,0,0,0,1,0,0,0,0,"['car', 'corvette', 'c4']"
corvette_1_1_4_ (392).jpg,1,1,0,0,0,1,0,0,0,0,"['car', 'corvette', 'c4']"
corvette_1_1_4_ (393).jpg,1,1,0,0,0,1,0,0,0,0,"['car', 'corvette', 'c4']"
corvette_1_1_4_ (394).jpg,1,1,0,0,0,1,0,0,0,0,"['car', 'corvette', 'c4']"
corvette_1_1_4_ (395).jpg,1,1,0,0,0,1,0,0,0,0,"['car', 'corvette', 'c4']"
corvette_1_1_4_ (396).jpg,1,1,0,0,0,1,0,0,0,0,"['car', 'corvette', 'c4']"
corvette_1_1_4_ (397).jpg,1,1,0,0,0,1,0,0,0,0,"['car', 'corvette', 'c4']"
corvette_1_1_4_ (398).jpg,1,1,0,0,0,1,0,0,0,0,"['car', 'corvette', 'c4']"
corvette_1_1_4_ (399).jpg,1,1,0,0,0,1,0,0,0,0,"['car', 'corvette', 'c4']"
corvette_1_1_4_ (4).jpg,1,1,0,0,0,1,0,0,0,0,"['car', 'corvette', 'c4']"
corvette_1_1_4_ (4).png,1,1,0,0,0,1,0,0,0,0,"['car', 'corvette', 'c4']"
corvette_1_1_4_ (400).jpg,1,1,0,0,0,1,0,0,0,0,"['car', 'corvette', 'c4']"
corvette_1_1_4_ (401).jpg,1,1,0,0,0,1,0,0,0,0,"['car', 'corvette', 'c4']"
corvette_1_1_4_ (402).jpg,1,1,0,0,0,1,0,0,0,0,"['car', 'corvette', 'c4']"
corvette_1_1_4_ (403).jpg,1,1,0,0,0,1,0,0,0,0,"['car', 'corvette', 'c4']"
corvette_1_1_4_ (404).jpg,1,1,0,0,0,1,0,0,0,0,"['car', 'corvette', 'c4']"
corvette_1_1_4_ (405).jpg,1,1,0,0,0,1,0,0,0,0,"['car', 'corvette', 'c4']"
corvette_1_1_4_ (406).jpg,1,1,0,0,0,1,0,0,0,0,"['car', 'corvette', 'c4']"
corvette_1_1_4_ (407).jpg,1,1,0,0,0,1,0,0,0,0,"['car', 'corvette', 'c4']"
corvette_1_1_4_ (408).jpg,1,1,0,0,0,1,0,0,0,0,"['car', 'corvette', 'c4']"
corvette_1_1_4_ (409).jpg,1,1,0,0,0,1,0,0,0,0,"['car', 'corvette', 'c4']"
corvette_1_1_4_ (410).jpg,1,1,0,0,0,1,0,0,0,0,"['car', 'corvette', 'c4']"
corvette_1_1_4_ (411).jpg,1,1,0,0,0,1,0,0,0,0,"['car', 'corvette', 'c4']"
corvette_1_1_4_ (412).jpg,1,1,0,0,0,1,0,0,0,0,"['car', 'corvette', 'c4']"
corvette_1_1_4_ (413).jpg,1,1,0,0,0,1,0,0,0,0,"['car', 'corvette', 'c4']"
corvette_1_1_4_ (414).jpg,1,1,0,0,0,1,0,0,0,0,"['car', 'corvette', 'c4']"
corvette_1_1_4_ (415).jpg,1,1,0,0,0,1,0,0,0,0,"['car', 'corvette', 'c4']"
corvette_1_1_4_ (416).jpg,1,1,0,0,0,1,0,0,0,0,"['car', 'corvette', 'c4']"
corvette_1_1_4_ (417).jpg,1,1,0,0,0,1,0,0,0,0,"['car', 'corvette', 'c4']"
corvette_1_1_4_ (418).jpg,1,1,0,0,0,1,0,0,0,0,"['car', 'corvette', 'c4']"
corvette_1_1_4_ (419).jpg,1,1,0,0,0,1,0,0,0,0,"['car', 'corvette', 'c4']"
corvette_1_1_4_ (420).jpg,1,1,0,0,0,1,0,0,0,0,"['car', 'corvette', 'c4']"
corvette_1_1_4_ (421).jpg,1,1,0,0,0,1,0,0,0,0,"['car', 'corvette', 'c4']"
corvette_1_1_4_ (422).jpg,1,1,0,0,0,1,0,0,0,0,"['car', 'corvette', 'c4']"
corvette_1_1_4_ (423).jpg,1,1,0,0,0,1,0,0,0,0,"['car', 'corvette', 'c4']"
corvette_1_1_4_ (424).jpg,1,1,0,0,0,1,0,0,0,0,"['car', 'corvette', 'c4']"
corvette_1_1_4_ (425).jpg,1,1,0,0,0,1,0,0,0,0,"['car', 'corvette', 'c4']"
corvette_1_1_4_ (426).jpg,1,1,0,0,0,1,0,0,0,0,"['car', 'corvette', 'c4']"
corvette_1_1_4_ (427).jpg,1,1,0,0,0,1,0,0,0,0,"['car', 'corvette', 'c4']"
corvette_1_1_4_ (428).jpg,1,1,0,0,0,1,0,0,0,0,"['car', 'corvette', 'c4']"
corvette_1_1_4_ (429).jpg,1,1,0,0,0,1,0,0,0,0,"['car', 'corvette', 'c4']"
corvette_1_1_4_ (430).jpg,1,1,0,0,0,1,0,0,0,0,"['car', 'corvette', 'c4']"
corvette_1_1_4_ (431).jpg,1,1,0,0,0,1,0,0,0,0,"['car', 'corvette', 'c4']"
corvette_1_1_4_ (432).jpg,1,1,0,0,0,1,0,0,0,0,"['car', 'corvette', 'c4']"
corvette_1_1_4_ (433).jpg,1,1,0,0,0,1,0,0,0,0,"['car', 'corvette', 'c4']"
corvette_1_1_4_ (434).jpg,1,1,0,0,0,1,0,0,0,0,"['car', 'corvette', 'c4']"
corvette_1_1_4_ (435).jpg,1,1,0,0,0,1,0,0,0,0,"['car', 'corvette', 'c4']"
corvette_1_1_4_ (436).jpg,1,1,0,0,0,1,0,0,0,0,"['car', 'corvette', 'c4']"
corvette_1_1_4_ (5).jpeg,1,1,0,0,0,1,0,0,0,0,"['car', 'corvette', 'c4']"
corvette_1_1_4_ (5).jpg,1,1,0,0,0,1,0,0,0,0,"['car', 'corvette', 'c4']"
corvette_1_1_4_ (5).png,1,1,0,0,0,1,0,0,0,0,"['car', 'corvette', 'c4']"
corvette_1_1_4_ (6).jpeg,1,1,0,0,0,1,0,0,0,0,"['car', 'corvette', 'c4']"
corvette_1_1_4_ (6).jpg,1,1,0,0,0,1,0,0,0,0,"['car', 'corvette', 'c4']"
corvette_1_1_4_ (6).png,1,1,0,0,0,1,0,0,0,0,"['car', 'corvette', 'c4']"
corvette_1_1_4_ (7).jpeg,1,1,0,0,0,1,0,0,0,0,"['car', 'corvette', 'c4']"
corvette_1_1_5_ (390).jpg,1,1,0,0,0,0,1,0,0,0,"['car', 'corvette', 'c5']"
corvette_1_1_5_ (391).jpg,1,1,0,0,0,0,1,0,0,0,"['car', 'corvette', 'c5']"
corvette_1_1_5_ (392).jpg,1,1,0,0,0,0,1,0,0,0,"['car', 'corvette', 'c5']"
corvette_1_1_5_ (393).jpg,1,1,0,0,0,0,1,0,0,0,"['car', 'corvette', 'c5']"
corvette_1_1_5_ (394).jpg,1,1,0,0,0,0,1,0,0,0,"['car', 'corvette', 'c5']"
corvette_1_1_5_ (395).jpg,1,1,0,0,0,0,1,0,0,0,"['car', 'corvette', 'c5']"
corvette_1_1_5_ (396).jpg,1,1,0,0,0,0,1,0,0,0,"['car', 'corvette', 'c5']"
corvette_1_1_5_ (397).jpg,1,1,0,0,0,0,1,0,0,0,"['car', 'corvette', 'c5']"
corvette_1_1_5_ (398).jpg,1,1,0,0,0,0,1,0,0,0,"['car', 'corvette', 'c5']"
corvette_1_1_5_ (399).jpg,1,1,0,0,0,0,1,0,0,0,"['car', 'corvette', 'c5']"
corvette_1_1_5_ (4).jpeg,1,1,0,0,0,0,1,0,0,0,"['car', 'corvette', 'c5']"
corvette_1_1_5_ (4).jpg,1,1,0,0,0,0,1,0,0,0,"['car', 'corvette', 'c5']"
corvette_1_1_5_ (4).png,1,1,0,0,0,0,1,0,0,0,"['car', 'corvette', 'c5']"
corvette_1_1_5_ (400).jpg,1,1,0,0,0,0,1,0,0,0,"['car', 'corvette', 'c5']"
corvette_1_1_5_ (401).jpg,1,1,0,0,0,0,1,0,0,0,"['car', 'corvette', 'c5']"
corvette_1_1_5_ (402).jpg,1,1,0,0,0,0,1,0,0,0,"['car', 'corvette', 'c5']"
corvette_1_1_5_ (403).jpg,1,1,0,0,0,0,1,0,0,0,"['car', 'corvette', 'c5']"
corvette_1_1_5_ (404).jpg,1,1,0,0,0,0,1,0,0,0,"['car', 'corvette', 'c5']"
corvette_1_1_5_ (405).jpg,1,1,0,0,0,0,1,0,0,0,"['car', 'corvette', 'c5']"
corvette_1_1_5_ (406).jpg,1,1,0,0,0,0,1,0,0,0,"['car', 'corvette', 'c5']"
corvette_1_1_5_ (407).jpg,1,1,0,0,0,0,1,0,0,0,"['car', 'corvette', 'c5']"
corvette_1_1_5_ (408).jpg,1,1,0,0,0,0,1,0,0,0,"['car', 'corvette', 'c5']"
corvette_1_1_5_ (409).jpg,1,1,0,0,0,0,1,0,0,0,"['car', 'corvette', 'c5']"
corvette_1_1_5_ (410).jpg,1,1,0,0,0,0,1,0,0,0,"['car', 'corvette', 'c5']"
corvette_1_1_5_ (411).jpg,1,1,0,0,0,0,1,0,0,0,"['car', 'corvette', 'c5']"
corvette_1_1_5_ (412).jpg,1,1,0,0,0,0,1,0,0,0,"['car', 'corvette', 'c5']"
corvette_1_1_5_ (414).jpg,1,1,0,0,0,0,1,0,0,0,"['car', 'corvette', 'c5']"
corvette_1_1_5_ (415).jpg,1,1,0,0,0,0,1,0,0,0,"['car', 'corvette', 'c5']"
corvette_1_1_5_ (416).jpg,1,1,0,0,0,0,1,0,0,0,"['car', 'corvette', 'c5']"
corvette_1_1_5_ (417).jpg,1,1,0,0,0,0,1,0,0,0,"['car', 'corvette', 'c5']"
corvette_1_1_5_ (418).jpg,1,1,0,0,0,0,1,0,0,0,"['car', 'corvette', 'c5']"
corvette_1_1_5_ (419).jpg,1,1,0,0,0,0,1,0,0,0,"['car', 'corvette', 'c5']"
corvette_1_1_5_ (420).jpg,1,1,0,0,0,0,1,0,0,0,"['car', 'corvette', 'c5']"
corvette_1_1_5_ (421).jpg,1,1,0,0,0,0,1,0,0,0,"['car', 'corvette', 'c5']"
corvette_1_1_5_ (422).jpg,1,1,0,0,0,0,1,0,0,0,"['car', 'corvette', 'c5']"
corvette_1_1_5_ (423).JPG,1,1,0,0,0,0,1,0,0,0,"['car', 'corvette', 'c5']"
corvette_1_1_5_ (424).jpg,1,1,0,0,0,0,1,0,0,0,"['car', 'corvette', 'c5']"
corvette_1_1_5_ (425).jpg,1,1,0,0,0,0,1,0,0,0,"['car', 'corvette', 'c5']"
corvette_1_1_5_ (426).jpg,1,1,0,0,0,0,1,0,0,0,"['car', 'corvette', 'c5']"
corvette_1_1_5_ (427).jpg,1,1,0,0,0,0,1,0,0,0,"['car', 'corvette', 'c5']"
corvette_1_1_5_ (428).jpg,1,1,0,0,0,0,1,0,0,0,"['car', 'corvette', 'c5']"
corvette_1_1_5_ (429).jpg,1,1,0,0,0,0,1,0,0,0,"['car', 'corvette', 'c5']"
corvette_1_1_5_ (430).jpg,1,1,0,0,0,0,1,0,0,0,"['car', 'corvette', 'c5']"
corvette_1_1_5_ (431).jpg,1,1,0,0,0,0,1,0,0,0,"['car', 'corvette', 'c5']"
corvette_1_1_5_ (432).jpg,1,1,0,0,0,0,1,0,0,0,"['car', 'corvette', 'c5']"
corvette_1_1_5_ (433).jpg,1,1,0,0,0,0,1,0,0,0,"['car', 'corvette', 'c5']"
corvette_1_1_5_ (434).jpg,1,1,0,0,0,0,1,0,0,0,"['car', 'corvette', 'c5']"
corvette_1_1_5_ (435).jpg,1,1,0,0,0,0,1,0,0,0,"['car', 'corvette', 'c5']"
corvette_1_1_5_ (436).jpg,1,1,0,0,0,0,1,0,0,0,"['car', 'corvette', 'c5']"
corvette_1_1_5_ (437).jpg,1,1,0,0,0,0,1,0,0,0,"['car', 'corvette', 'c5']"
corvette_1_1_5_ (438).jpg,1,1,0,0,0,0,1,0,0,0,"['car', 'corvette', 'c5']"
corvette_1_1_5_ (439).JPG,1,1,0,0,0,0,1,0,0,0,"['car', 'corvette', 'c5']"
corvette_1_1_5_ (440).jpg,1,1,0,0,0,0,1,0,0,0,"['car', 'corvette', 'c5']"
corvette_1_1_5_ (441).jpg,1,1,0,0,0,0,1,0,0,0,"['car', 'corvette', 'c5']"
corvette_1_1_5_ (442).jpg,1,1,0,0,0,0,1,0,0,0,"['car', 'corvette', 'c5']"
corvette_1_1_5_ (443).jpg,1,1,0,0,0,0,1,0,0,0,"['car', 'corvette', 'c5']"
corvette_1_1_5_ (444).jpg,1,1,0,0,0,0,1,0,0,0,"['car', 'corvette', 'c5']"
corvette_1_1_5_ (445).jpg,1,1,0,0,0,0,1,0,0,0,"['car', 'corvette', 'c5']"
corvette_1_1_5_ (446).jpg,1,1,0,0,0,0,1,0,0,0,"['car', 'corvette', 'c5']"
corvette_1_1_5_ (447).jpg,1,1,0,0,0,0,1,0,0,0,"['car', 'corvette', 'c5']"
corvette_1_1_5_ (448).JPG,1,1,0,0,0,0,1,0,0,0,"['car', 'corvette', 'c5']"
corvette_1_1_5_ (449).jpg,1,1,0,0,0,0,1,0,0,0,"['car', 'corvette', 'c5']"
corvette_1_1_5_ (450).jpg,1,1,0,0,0,0,1,0,0,0,"['car', 'corvette', 'c5']"
corvette_1_1_5_ (451).jpg,1,1,0,0,0,0,1,0,0,0,"['car', 'corvette', 'c5']"
corvette_1_1_5_ (452).jpg,1,1,0,0,0,0,1,0,0,0,"['car', 'corvette', 'c5']"
corvette_1_1_5_ (453).jpg,1,1,0,0,0,0,1,0,0,0,"['car', 'corvette', 'c5']"
corvette_1_1_5_ (454).JPG,1,1,0,0,0,0,1,0,0,0,"['car', 'corvette', 'c5']"
corvette_1_1_5_ (455).jpg,1,1,0,0,0,0,1,0,0,0,"['car', 'corvette', 'c5']"
corvette_1_1_5_ (456).jpg,1,1,0,0,0,0,1,0,0,0,"['car', 'corvette', 'c5']"
corvette_1_1_5_ (457).jpg,1,1,0,0,0,0,1,0,0,0,"['car', 'corvette', 'c5']"
corvette_1_1_5_ (458).jpg,1,1,0,0,0,0,1,0,0,0,"['car', 'corvette', 'c5']"
corvette_1_1_5_ (459).jpg,1,1,0,0,0,0,1,0,0,0,"['car', 'corvette', 'c5']"
corvette_1_1_5_ (460).jpg,1,1,0,0,0,0,1,0,0,0,"['car', 'corvette', 'c5']"
corvette_1_1_5_ (461).jpg,1,1,0,0,0,0,1,0,0,0,"['car', 'corvette', 'c5']"
corvette_1_1_5_ (462).jpg,1,1,0,0,0,0,1,0,0,0,"['car', 'corvette', 'c5']"
corvette_1_1_5_ (463).jpg,1,1,0,0,0,0,1,0,0,0,"['car', 'corvette', 'c5']"
corvette_1_1_5_ (464).jpg,1,1,0,0,0,0,1,0,0,0,"['car', 'corvette', 'c5']"
corvette_1_1_5_ (465).jpg,1,1,0,0,0,0,1,0,0,0,"['car', 'corvette', 'c5']"
corvette_1_1_5_ (466).jpg,1,1,0,0,0,0,1,0,0,0,"['car', 'corvette', 'c5']"
corvette_1_1_5_ (467).jpg,1,1,0,0,0,0,1,0,0,0,"['car', 'corvette', 'c5']"
corvette_1_1_5_ (468).jpg,1,1,0,0,0,0,1,0,0,0,"['car', 'corvette', 'c5']"
corvette_1_1_5_ (469).jpg,1,1,0,0,0,0,1,0,0,0,"['car', 'corvette', 'c5']"
corvette_1_1_5_ (470).jpg,1,1,0,0,0,0,1,0,0,0,"['car', 'corvette', 'c5']"
corvette_1_1_5_ (471).jpg,1,1,0,0,0,0,1,0,0,0,"['car', 'corvette', 'c5']"
corvette_1_1_5_ (472).jpg,1,1,0,0,0,0,1,0,0,0,"['car', 'corvette', 'c5']"
corvette_1_1_5_ (473).jpg,1,1,0,0,0,0,1,0,0,0,"['car', 'corvette', 'c5']"
corvette_1_1_5_ (474).jpg,1,1,0,0,0,0,1,0,0,0,"['car', 'corvette', 'c5']"
corvette_1_1_5_ (475).jpg,1,1,0,0,0,0,1,0,0,0,"['car', 'corvette', 'c5']"
corvette_1_1_5_ (476).jpg,1,1,0,0,0,0,1,0,0,0,"['car', 'corvette', 'c5']"
corvette_1_1_5_ (477).jpg,1,1,0,0,0,0,1,0,0,0,"['car', 'corvette', 'c5']"
corvette_1_1_5_ (478).jpg,1,1,0,0,0,0,1,0,0,0,"['car', 'corvette', 'c5']"
corvette_1_1_5_ (479).jpg,1,1,0,0,0,0,1,0,0,0,"['car', 'corvette', 'c5']"
corvette_1_1_5_ (480).jpg,1,1,0,0,0,0,1,0,0,0,"['car', 'corvette', 'c5']"
corvette_1_1_5_ (481).jpg,1,1,0,0,0,0,1,0,0,0,"['car', 'corvette', 'c5']"
corvette_1_1_5_ (482).jpg,1,1,0,0,0,0,1,0,0,0,"['car', 'corvette', 'c5']"
corvette_1_1_5_ (483).jpg,1,1,0,0,0,0,1,0,0,0,"['car', 'corvette', 'c5']"
corvette_1_1_5_ (5).jpeg,1,1,0,0,0,0,1,0,0,0,"['car', 'corvette', 'c5']"
corvette_1_1_5_ (5).jpg,1,1,0,0,0,0,1,0,0,0,"['car', 'corvette', 'c5']"
corvette_1_1_5_ (5).png,1,1,0,0,0,0,1,0,0,0,"['car', 'corvette', 'c5']"
corvette_1_1_5_ (6).jpeg,1,1,0,0,0,0,1,0,0,0,"['car', 'corvette', 'c5']"
corvette_1_1_5_ (6).jpg,1,1,0,0,0,0,1,0,0,0,"['car', 'corvette', 'c5']"
corvette_1_1_5_ (6).png,1,1,0,0,0,0,1,0,0,0,"['car', 'corvette', 'c5']"
corvette_1_1_5_ (7).jpeg,1,1,0,0,0,0,1,0,0,0,"['car', 'corvette', 'c5']"
corvette_1_1_6_ (3).png,1,1,0,0,0,0,0,1,0,0,"['car', 'corvette', 'c6']"
corvette_1_1_6_ (4).jpeg,1,1,0,0,0,0,0,1,0,0,"['car', 'corvette', 'c6']"
corvette_1_1_6_ (4).png,1,1,0,0,0,0,0,1,0,0,"['car', 'corvette', 'c6']"
corvette_1_1_6_ (401).jpg,1,1,0,0,0,0,0,1,0,0,"['car', 'corvette', 'c6']"
corvette_1_1_6_ (402).jpg,1,1,0,0,0,0,0,1,0,0,"['car', 'corvette', 'c6']"
corvette_1_1_6_ (403).jpg,1,1,0,0,0,0,0,1,0,0,"['car', 'corvette', 'c6']"
corvette_1_1_6_ (404).jpg,1,1,0,0,0,0,0,1,0,0,"['car', 'corvette', 'c6']"
corvette_1_1_6_ (405).jpg,1,1,0,0,0,0,0,1,0,0,"['car', 'corvette', 'c6']"
corvette_1_1_6_ (406).jpg,1,1,0,0,0,0,0,1,0,0,"['car', 'corvette', 'c6']"
corvette_1_1_6_ (407).jpg,1,1,0,0,0,0,0,1,0,0,"['car', 'corvette', 'c6']"
corvette_1_1_6_ (408).jpg,1,1,0,0,0,0,0,1,0,0,"['car', 'corvette', 'c6']"
corvette_1_1_6_ (409).jpg,1,1,0,0,0,0,0,1,0,0,"['car', 'corvette', 'c6']"
corvette_1_1_6_ (410).jpg,1,1,0,0,0,0,0,1,0,0,"['car', 'corvette', 'c6']"
corvette_1_1_6_ (411).JPG,1,1,0,0,0,0,0,1,0,0,"['car', 'corvette', 'c6']"
corvette_1_1_6_ (412).jpg,1,1,0,0,0,0,0,1,0,0,"['car', 'corvette', 'c6']"
corvette_1_1_6_ (413).jpg,1,1,0,0,0,0,0,1,0,0,"['car', 'corvette', 'c6']"
corvette_1_1_6_ (414).jpg,1,1,0,0,0,0,0,1,0,0,"['car', 'corvette', 'c6']"
corvette_1_1_6_ (415).jpg,1,1,0,0,0,0,0,1,0,0,"['car', 'corvette', 'c6']"
corvette_1_1_6_ (416).jpg,1,1,0,0,0,0,0,1,0,0,"['car', 'corvette', 'c6']"
corvette_1_1_6_ (417).jpg,1,1,0,0,0,0,0,1,0,0,"['car', 'corvette', 'c6']"
corvette_1_1_6_ (418).jpg,1,1,0,0,0,0,0,1,0,0,"['car', 'corvette', 'c6']"
corvette_1_1_6_ (419).jpg,1,1,0,0,0,0,0,1,0,0,"['car', 'corvette', 'c6']"
corvette_1_1_6_ (420).jpg,1,1,0,0,0,0,0,1,0,0,"['car', 'corvette', 'c6']"
corvette_1_1_6_ (421).jpg,1,1,0,0,0,0,0,1,0,0,"['car', 'corvette', 'c6']"
corvette_1_1_6_ (422).JPG,1,1,0,0,0,0,0,1,0,0,"['car', 'corvette', 'c6']"
corvette_1_1_6_ (423).jpg,1,1,0,0,0,0,0,1,0,0,"['car', 'corvette', 'c6']"
corvette_1_1_6_ (424).jpg,1,1,0,0,0,0,0,1,0,0,"['car', 'corvette', 'c6']"
corvette_1_1_6_ (425).jpg,1,1,0,0,0,0,0,1,0,0,"['car', 'corvette', 'c6']"
corvette_1_1_6_ (426).jpg,1,1,0,0,0,0,0,1,0,0,"['car', 'corvette', 'c6']"
corvette_1_1_6_ (427).jpg,1,1,0,0,0,0,0,1,0,0,"['car', 'corvette', 'c6']"
corvette_1_1_6_ (428).jpg,1,1,0,0,0,0,0,1,0,0,"['car', 'corvette', 'c6']"
corvette_1_1_6_ (429).jpg,1,1,0,0,0,0,0,1,0,0,"['car', 'corvette', 'c6']"
corvette_1_1_6_ (430).jpg,1,1,0,0,0,0,0,1,0,0,"['car', 'corvette', 'c6']"
corvette_1_1_6_ (431).jpg,1,1,0,0,0,0,0,1,0,0,"['car', 'corvette', 'c6']"
corvette_1_1_6_ (432).jpg,1,1,0,0,0,0,0,1,0,0,"['car', 'corvette', 'c6']"
corvette_1_1_6_ (433).jpg,1,1,0,0,0,0,0,1,0,0,"['car', 'corvette', 'c6']"
corvette_1_1_6_ (434).jpg,1,1,0,0,0,0,0,1,0,0,"['car', 'corvette', 'c6']"
corvette_1_1_6_ (435).jpg,1,1,0,0,0,0,0,1,0,0,"['car', 'corvette', 'c6']"
corvette_1_1_6_ (436).jpg,1,1,0,0,0,0,0,1,0,0,"['car', 'corvette', 'c6']"
corvette_1_1_6_ (437).jpg,1,1,0,0,0,0,0,1,0,0,"['car', 'corvette', 'c6']"
corvette_1_1_6_ (438).jpg,1,1,0,0,0,0,0,1,0,0,"['car', 'corvette', 'c6']"
corvette_1_1_6_ (439).jpg,1,1,0,0,0,0,0,1,0,0,"['car', 'corvette', 'c6']"
corvette_1_1_6_ (440).jpg,1,1,0,0,0,0,0,1,0,0,"['car', 'corvette', 'c6']"
corvette_1_1_6_ (441).jpg,1,1,0,0,0,0,0,1,0,0,"['car', 'corvette', 'c6']"
corvette_1_1_6_ (442).jpg,1,1,0,0,0,0,0,1,0,0,"['car', 'corvette', 'c6']"
corvette_1_1_6_ (443).jpg,1,1,0,0,0,0,0,1,0,0,"['car', 'corvette', 'c6']"
corvette_1_1_6_ (444).jpg,1,1,0,0,0,0,0,1,0,0,"['car', 'corvette', 'c6']"
corvette_1_1_6_ (445).jpg,1,1,0,0,0,0,0,1,0,0,"['car', 'corvette', 'c6']"
corvette_1_1_6_ (446).jpg,1,1,0,0,0,0,0,1,0,0,"['car', 'corvette', 'c6']"
corvette_1_1_6_ (447).jpg,1,1,0,0,0,0,0,1,0,0,"['car', 'corvette', 'c6']"
corvette_1_1_6_ (448).jpg,1,1,0,0,0,0,0,1,0,0,"['car', 'corvette', 'c6']"
corvette_1_1_6_ (449).jpg,1,1,0,0,0,0,0,1,0,0,"['car', 'corvette', 'c6']"
corvette_1_1_6_ (450).jpg,1,1,0,0,0,0,0,1,0,0,"['car', 'corvette', 'c6']"
corvette_1_1_6_ (451).jpg,1,1,0,0,0,0,0,1,0,0,"['car', 'corvette', 'c6']"
corvette_1_1_6_ (452).jpg,1,1,0,0,0,0,0,1,0,0,"['car', 'corvette', 'c6']"
corvette_1_1_6_ (453).jpg,1,1,0,0,0,0,0,1,0,0,"['car', 'corvette', 'c6']"
corvette_1_1_6_ (454).jpg,1,1,0,0,0,0,0,1,0,0,"['car', 'corvette', 'c6']"
corvette_1_1_6_ (455).jpg,1,1,0,0,0,0,0,1,0,0,"['car', 'corvette', 'c6']"
corvette_1_1_6_ (456).jpg,1,1,0,0,0,0,0,1,0,0,"['car', 'corvette', 'c6']"
corvette_1_1_6_ (457).jpg,1,1,0,0,0,0,0,1,0,0,"['car', 'corvette', 'c6']"
corvette_1_1_6_ (458).jpg,1,1,0,0,0,0,0,1,0,0,"['car', 'corvette', 'c6']"
corvette_1_1_6_ (459).jpg,1,1,0,0,0,0,0,1,0,0,"['car', 'corvette', 'c6']"
corvette_1_1_6_ (460).jpg,1,1,0,0,0,0,0,1,0,0,"['car', 'corvette', 'c6']"
corvette_1_1_6_ (461).jpg,1,1,0,0,0,0,0,1,0,0,"['car', 'corvette', 'c6']"
corvette_1_1_6_ (462).jpg,1,1,0,0,0,0,0,1,0,0,"['car', 'corvette', 'c6']"
corvette_1_1_6_ (463).jpg,1,1,0,0,0,0,0,1,0,0,"['car', 'corvette', 'c6']"
corvette_1_1_6_ (464).jpg,1,1,0,0,0,0,0,1,0,0,"['car', 'corvette', 'c6']"
corvette_1_1_6_ (465).jpg,1,1,0,0,0,0,0,1,0,0,"['car', 'corvette', 'c6']"
corvette_1_1_6_ (466).jpg,1,1,0,0,0,0,0,1,0,0,"['car', 'corvette', 'c6']"
corvette_1_1_6_ (467).JPG,1,1,0,0,0,0,0,1,0,0,"['car', 'corvette', 'c6']"
corvette_1_1_6_ (468).jpg,1,1,0,0,0,0,0,1,0,0,"['car', 'corvette', 'c6']"
corvette_1_1_6_ (469).jpg,1,1,0,0,0,0,0,1,0,0,"['car', 'corvette', 'c6']"
corvette_1_1_6_ (470).jpg,1,1,0,0,0,0,0,1,0,0,"['car', 'corvette', 'c6']"
corvette_1_1_6_ (471).jpg,1,1,0,0,0,0,0,1,0,0,"['car', 'corvette', 'c6']"
corvette_1_1_6_ (472).jpg,1,1,0,0,0,0,0,1,0,0,"['car', 'corvette', 'c6']"
corvette_1_1_6_ (473).jpg,1,1,0,0,0,0,0,1,0,0,"['car', 'corvette', 'c6']"
corvette_1_1_6_ (474).jpg,1,1,0,0,0,0,0,1,0,0,"['car', 'corvette', 'c6']"
corvette_1_1_6_ (475).jpg,1,1,0,0,0,0,0,1,0,0,"['car', 'corvette', 'c6']"
corvette_1_1_6_ (476).jpg,1,1,0,0,0,0,0,1,0,0,"['car', 'corvette', 'c6']"
corvette_1_1_6_ (477).jpg,1,1,0,0,0,0,0,1,0,0,"['car', 'corvette', 'c6']"
corvette_1_1_6_ (478).jpg,1,1,0,0,0,0,0,1,0,0,"['car', 'corvette', 'c6']"
corvette_1_1_6_ (479).jpg,1,1,0,0,0,0,0,1,0,0,"['car', 'corvette', 'c6']"
corvette_1_1_6_ (480).jpg,1,1,0,0,0,0,0,1,0,0,"['car', 'corvette', 'c6']"
corvette_1_1_6_ (481).jpg,1,1,0,0,0,0,0,1,0,0,"['car', 'corvette', 'c6']"
corvette_1_1_6_ (482).jpg,1,1,0,0,0,0,0,1,0,0,"['car', 'corvette', 'c6']"
corvette_1_1_6_ (483).jpg,1,1,0,0,0,0,0,1,0,0,"['car', 'corvette', 'c6']"
corvette_1_1_6_ (484).jpg,1,1,0,0,0,0,0,1,0,0,"['car', 'corvette', 'c6']"
corvette_1_1_6_ (485).jpg,1,1,0,0,0,0,0,1,0,0,"['car', 'corvette', 'c6']"
corvette_1_1_6_ (486).jpg,1,1,0,0,0,0,0,1,0,0,"['car', 'corvette', 'c6']"
corvette_1_1_6_ (487).jpg,1,1,0,0,0,0,0,1,0,0,"['car', 'corvette', 'c6']"
corvette_1_1_6_ (488).jpg,1,1,0,0,0,0,0,1,0,0,"['car', 'corvette', 'c6']"
corvette_1_1_6_ (489).jpg,1,1,0,0,0,0,0,1,0,0,"['car', 'corvette', 'c6']"
corvette_1_1_6_ (490).JPG,1,1,0,0,0,0,0,1,0,0,"['car', 'corvette', 'c6']"
corvette_1_1_6_ (491).jpg,1,1,0,0,0,0,0,1,0,0,"['car', 'corvette', 'c6']"
corvette_1_1_6_ (492).jpg,1,1,0,0,0,0,0,1,0,0,"['car', 'corvette', 'c6']"
corvette_1_1_6_ (493).jpg,1,1,0,0,0,0,0,1,0,0,"['car', 'corvette', 'c6']"
corvette_1_1_6_ (494).jpg,1,1,0,0,0,0,0,1,0,0,"['car', 'corvette', 'c6']"
corvette_1_1_6_ (495).jpg,1,1,0,0,0,0,0,1,0,0,"['car', 'corvette', 'c6']"
corvette_1_1_6_ (496).jpg,1,1,0,0,0,0,0,1,0,0,"['car', 'corvette', 'c6']"
corvette_1_1_6_ (497).jpg,1,1,0,0,0,0,0,1,0,0,"['car', 'corvette', 'c6']"
corvette_1_1_6_ (498).jpg,1,1,0,0,0,0,0,1,0,0,"['car', 'corvette', 'c6']"
corvette_1_1_6_ (499).jpg,1,1,0,0,0,0,0,1,0,0,"['car', 'corvette', 'c6']"
corvette_1_1_6_ (5).jpeg,1,1,0,0,0,0,0,1,0,0,"['car', 'corvette', 'c6']"
corvette_1_1_6_ (5).jpg,1,1,0,0,0,0,0,1,0,0,"['car', 'corvette', 'c6']"
corvette_1_1_6_ (5).png,1,1,0,0,0,0,0,1,0,0,"['car', 'corvette', 'c6']"
corvette_1_1_6_ (500).jpg,1,1,0,0,0,0,0,1,0,0,"['car', 'corvette', 'c6']"
corvette_1_1_6_ (501).jpg,1,1,0,0,0,0,0,1,0,0,"['car', 'corvette', 'c6']"
corvette_1_1_6_ (503).jpg,1,1,0,0,0,0,0,1,0,0,"['car', 'corvette', 'c6']"
corvette_1_1_6_ (504).jpg,1,1,0,0,0,0,0,1,0,0,"['car', 'corvette', 'c6']"
corvette_1_1_6_ (505).jpg,1,1,0,0,0,0,0,1,0,0,"['car', 'corvette', 'c6']"
corvette_1_1_6_ (506).jpg,1,1,0,0,0,0,0,1,0,0,"['car', 'corvette', 'c6']"
corvette_1_1_6_ (507).jpg,1,1,0,0,0,0,0,1,0,0,"['car', 'corvette', 'c6']"
corvette_1_1_6_ (508).jpg,1,1,0,0,0,0,0,1,0,0,"['car', 'corvette', 'c6']"
corvette_1_1_6_ (510).jpg,1,1,0,0,0,0,0,1,0,0,"['car', 'corvette', 'c6']"
corvette_1_1_6_ (511).jpg,1,1,0,0,0,0,0,1,0,0,"['car', 'corvette', 'c6']"
corvette_1_1_6_ (512).jpg,1,1,0,0,0,0,0,1,0,0,"['car', 'corvette', 'c6']"
corvette_1_1_6_ (513).jpg,1,1,0,0,0,0,0,1,0,0,"['car', 'corvette', 'c6']"
corvette_1_1_6_ (514).jpg,1,1,0,0,0,0,0,1,0,0,"['car', 'corvette', 'c6']"
corvette_1_1_6_ (515).jpg,1,1,0,0,0,0,0,1,0,0,"['car', 'corvette', 'c6']"
corvette_1_1_6_ (516).jpg,1,1,0,0,0,0,0,1,0,0,"['car', 'corvette', 'c6']"
corvette_1_1_6_ (517).jpg,1,1,0,0,0,0,0,1,0,0,"['car', 'corvette', 'c6']"
corvette_1_1_6_ (518).jpg,1,1,0,0,0,0,0,1,0,0,"['car', 'corvette', 'c6']"
corvette_1_1_6_ (519).jpg,1,1,0,0,0,0,0,1,0,0,"['car', 'corvette', 'c6']"
corvette_1_1_6_ (520).jpg,1,1,0,0,0,0,0,1,0,0,"['car', 'corvette', 'c6']"
corvette_1_1_6_ (521).jpg,1,1,0,0,0,0,0,1,0,0,"['car', 'corvette', 'c6']"
corvette_1_1_6_ (522).jpg,1,1,0,0,0,0,0,1,0,0,"['car', 'corvette', 'c6']"
corvette_1_1_6_ (6).jpeg,1,1,0,0,0,0,0,1,0,0,"['car', 'corvette', 'c6']"
corvette_1_1_6_ (6).jpg,1,1,0,0,0,0,0,1,0,0,"['car', 'corvette', 'c6']"
corvette_1_1_6_ (6).png,1,1,0,0,0,0,0,1,0,0,"['car', 'corvette', 'c6']"
corvette_1_1_7_ (1).jpeg,1,1,0,0,0,0,0,0,1,0,"['car', 'corvette', 'c7']"
corvette_1_1_7_ (1).jpg,1,1,0,0,0,0,0,0,1,0,"['car', 'corvette', 'c7']"
corvette_1_1_7_ (1).png,1,1,0,0,0,0,0,0,1,0,"['car', 'corvette', 'c7']"
corvette_1_1_7_ (2).jpeg,1,1,0,0,0,0,0,0,1,0,"['car', 'corvette', 'c7']"
corvette_1_1_7_ (2).jpg,1,1,0,0,0,0,0,0,1,0,"['car', 'corvette', 'c7']"
corvette_1_1_7_ (2).png,1,1,0,0,0,0,0,0,1,0,"['car', 'corvette', 'c7']"
corvette_1_1_7_ (3).jpeg,1,1,0,0,0,0,0,0,1,0,"['car', 'corvette', 'c7']"
corvette_1_1_7_ (3).jpg,1,1,0,0,0,0,0,0,1,0,"['car', 'corvette', 'c7']"
corvette_1_1_7_ (3).png,1,1,0,0,0,0,0,0,1,0,"['car', 'corvette', 'c7']"
corvette_1_1_7_ (4).jpeg,1,1,0,0,0,0,0,0,1,0,"['car', 'corvette', 'c7']"
corvette_1_1_7_ (782).jpg,1,1,0,0,0,0,0,0,1,0,"['car', 'corvette', 'c7']"
corvette_1_1_7_ (783).jpg,1,1,0,0,0,0,0,0,1,0,"['car', 'corvette', 'c7']"
corvette_1_1_7_ (784).jpg,1,1,0,0,0,0,0,0,1,0,"['car', 'corvette', 'c7']"
corvette_1_1_7_ (785).jpg,1,1,0,0,0,0,0,0,1,0,"['car', 'corvette', 'c7']"
corvette_1_1_7_ (786).jpg,1,1,0,0,0,0,0,0,1,0,"['car', 'corvette', 'c7']"
corvette_1_1_7_ (787).jpg,1,1,0,0,0,0,0,0,1,0,"['car', 'corvette', 'c7']"
corvette_1_1_7_ (788).jpg,1,1,0,0,0,0,0,0,1,0,"['car', 'corvette', 'c7']"
corvette_1_1_7_ (789).jpg,1,1,0,0,0,0,0,0,1,0,"['car', 'corvette', 'c7']"
corvette_1_1_7_ (790).jpg,1,1,0,0,0,0,0,0,1,0,"['car', 'corvette', 'c7']"
corvette_1_1_7_ (791).jpg,1,1,0,0,0,0,0,0,1,0,"['car', 'corvette', 'c7']"
corvette_1_1_7_ (792).jpg,1,1,0,0,0,0,0,0,1,0,"['car', 'corvette', 'c7']"
corvette_1_1_7_ (793).jpg,1,1,0,0,0,0,0,0,1,0,"['car', 'corvette', 'c7']"
corvette_1_1_7_ (794).jpg,1,1,0,0,0,0,0,0,1,0,"['car', 'corvette', 'c7']"
corvette_1_1_7_ (795).jpg,1,1,0,0,0,0,0,0,1,0,"['car', 'corvette', 'c7']"
corvette_1_1_7_ (796).jpg,1,1,0,0,0,0,0,0,1,0,"['car', 'corvette', 'c7']"
corvette_1_1_7_ (798).jpg,1,1,0,0,0,0,0,0,1,0,"['car', 'corvette', 'c7']"
corvette_1_1_7_ (799).jpg,1,1,0,0,0,0,0,0,1,0,"['car', 'corvette', 'c7']"
corvette_1_1_7_ (800).jpg,1,1,0,0,0,0,0,0,1,0,"['car', 'corvette', 'c7']"
corvette_1_1_7_ (801).jpg,1,1,0,0,0,0,0,0,1,0,"['car', 'corvette', 'c7']"
corvette_1_1_7_ (802).jpg,1,1,0,0,0,0,0,0,1,0,"['car', 'corvette', 'c7']"
corvette_1_1_7_ (803).jpg,1,1,0,0,0,0,0,0,1,0,"['car', 'corvette', 'c7']"
corvette_1_1_7_ (804).jpg,1,1,0,0,0,0,0,0,1,0,"['car', 'corvette', 'c7']"
corvette_1_1_7_ (805).jpg,1,1,0,0,0,0,0,0,1,0,"['car', 'corvette', 'c7']"
corvette_1_1_7_ (806).jpg,1,1,0,0,0,0,0,0,1,0,"['car', 'corvette', 'c7']"
corvette_1_1_7_ (807).jpg,1,1,0,0,0,0,0,0,1,0,"['car', 'corvette', 'c7']"
corvette_1_1_7_ (808).jpg,1,1,0,0,0,0,0,0,1,0,"['car', 'corvette', 'c7']"
corvette_1_1_7_ (809).jpg,1,1,0,0,0,0,0,0,1,0,"['car', 'corvette', 'c7']"
corvette_1_1_7_ (810).jpg,1,1,0,0,0,0,0,0,1,0,"['car', 'corvette', 'c7']"
corvette_1_1_7_ (811).jpg,1,1,0,0,0,0,0,0,1,0,"['car', 'corvette', 'c7']"
corvette_1_1_7_ (812).jpg,1,1,0,0,0,0,0,0,1,0,"['car', 'corvette', 'c7']"
corvette_1_1_7_ (813).jpg,1,1,0,0,0,0,0,0,1,0,"['car', 'corvette', 'c7']"
corvette_1_1_7_ (814).jpg,1,1,0,0,0,0,0,0,1,0,"['car', 'corvette', 'c7']"
corvette_1_1_7_ (815).jpg,1,1,0,0,0,0,0,0,1,0,"['car', 'corvette', 'c7']"
corvette_1_1_7_ (816).jpg,1,1,0,0,0,0,0,0,1,0,"['car', 'corvette', 'c7']"
corvette_1_1_7_ (817).jpg,1,1,0,0,0,0,0,0,1,0,"['car', 'corvette', 'c7']"
corvette_1_1_7_ (818).jpg,1,1,0,0,0,0,0,0,1,0,"['car', 'corvette', 'c7']"
corvette_1_1_7_ (819).jpg,1,1,0,0,0,0,0,0,1,0,"['car', 'corvette', 'c7']"
corvette_1_1_7_ (820).jpg,1,1,0,0,0,0,0,0,1,0,"['car', 'corvette', 'c7']"
corvette_1_1_7_ (821).jpg,1,1,0,0,0,0,0,0,1,0,"['car', 'corvette', 'c7']"
corvette_1_1_7_ (822).JPG,1,1,0,0,0,0,0,0,1,0,"['car', 'corvette', 'c7']"
corvette_1_1_7_ (823).jpg,1,1,0,0,0,0,0,0,1,0,"['car', 'corvette', 'c7']"
corvette_1_1_7_ (824).jpg,1,1,0,0,0,0,0,0,1,0,"['car', 'corvette', 'c7']"
corvette_1_1_7_ (825).jpg,1,1,0,0,0,0,0,0,1,0,"['car', 'corvette', 'c7']"
corvette_1_1_7_ (826).jpg,1,1,0,0,0,0,0,0,1,0,"['car', 'corvette', 'c7']"
corvette_1_1_7_ (827).jpg,1,1,0,0,0,0,0,0,1,0,"['car', 'corvette', 'c7']"
corvette_1_1_7_ (828).jpg,1,1,0,0,0,0,0,0,1,0,"['car', 'corvette', 'c7']"
corvette_1_1_7_ (829).jpg,1,1,0,0,0,0,0,0,1,0,"['car', 'corvette', 'c7']"
corvette_1_1_7_ (830).jpg,1,1,0,0,0,0,0,0,1,0,"['car', 'corvette', 'c7']"
corvette_1_1_7_ (831).jpg,1,1,0,0,0,0,0,0,1,0,"['car', 'corvette', 'c7']"
corvette_1_1_7_ (832).jpg,1,1,0,0,0,0,0,0,1,0,"['car', 'corvette', 'c7']"
corvette_1_1_7_ (834).jpg,1,1,0,0,0,0,0,0,1,0,"['car', 'corvette', 'c7']"
corvette_1_1_7_ (835).jpg,1,1,0,0,0,0,0,0,1,0,"['car', 'corvette', 'c7']"
corvette_1_1_7_ (836).jpg,1,1,0,0,0,0,0,0,1,0,"['car', 'corvette', 'c7']"
corvette_1_1_7_ (837).jpg,1,1,0,0,0,0,0,0,1,0,"['car', 'corvette', 'c7']"
corvette_1_1_7_ (838).jpg,1,1,0,0,0,0,0,0,1,0,"['car', 'corvette', 'c7']"
corvette_1_1_7_ (839).jpg,1,1,0,0,0,0,0,0,1,0,"['car', 'corvette', 'c7']"
corvette_1_1_7_ (840).jpg,1,1,0,0,0,0,0,0,1,0,"['car', 'corvette', 'c7']"
corvette_1_1_7_ (841).jpg,1,1,0,0,0,0,0,0,1,0,"['car', 'corvette', 'c7']"
corvette_1_1_7_ (842).jpg,1,1,0,0,0,0,0,0,1,0,"['car', 'corvette', 'c7']"
corvette_1_1_7_ (843).jpg,1,1,0,0,0,0,0,0,1,0,"['car', 'corvette', 'c7']"
corvette_1_1_7_ (844).jpg,1,1,0,0,0,0,0,0,1,0,"['car', 'corvette', 'c7']"
corvette_1_1_7_ (845).jpg,1,1,0,0,0,0,0,0,1,0,"['car', 'corvette', 'c7']"
corvette_1_1_7_ (846).jpg,1,1,0,0,0,0,0,0,1,0,"['car', 'corvette', 'c7']"
corvette_1_1_7_ (847).jpg,1,1,0,0,0,0,0,0,1,0,"['car', 'corvette', 'c7']"
corvette_1_1_7_ (848).jpg,1,1,0,0,0,0,0,0,1,0,"['car', 'corvette', 'c7']"
corvette_1_1_7_ (849).jpg,1,1,0,0,0,0,0,0,1,0,"['car', 'corvette', 'c7']"
corvette_1_1_7_ (850).jpg,1,1,0,0,0,0,0,0,1,0,"['car', 'corvette', 'c7']"
corvette_1_1_7_ (851).jpg,1,1,0,0,0,0,0,0,1,0,"['car', 'corvette', 'c7']"
corvette_1_1_7_ (852).jpg,1,1,0,0,0,0,0,0,1,0,"['car', 'corvette', 'c7']"
corvette_1_1_7_ (853).jpg,1,1,0,0,0,0,0,0,1,0,"['car', 'corvette', 'c7']"
corvette_1_1_7_ (854).jpg,1,1,0,0,0,0,0,0,1,0,"['car', 'corvette', 'c7']"
corvette_1_1_7_ (855).jpg,1,1,0,0,0,0,0,0,1,0,"['car', 'corvette', 'c7']"
corvette_1_1_7_ (856).jpg,1,1,0,0,0,0,0,0,1,0,"['car', 'corvette', 'c7']"
corvette_1_1_7_ (857).jpg,1,1,0,0,0,0,0,0,1,0,"['car', 'corvette', 'c7']"
corvette_1_1_7_ (859).jpg,1,1,0,0,0,0,0,0,1,0,"['car', 'corvette', 'c7']"
corvette_1_1_7_ (860).jpg,1,1,0,0,0,0,0,0,1,0,"['car', 'corvette', 'c7']"
corvette_1_1_7_ (861).jpg,1,1,0,0,0,0,0,0,1,0,"['car', 'corvette', 'c7']"
corvette_1_1_7_ (862).jpg,1,1,0,0,0,0,0,0,1,0,"['car', 'corvette', 'c7']"
corvette_1_1_7_ (863).jpg,1,1,0,0,0,0,0,0,1,0,"['car', 'corvette', 'c7']"
corvette_1_1_7_ (864).jpg,1,1,0,0,0,0,0,0,1,0,"['car', 'corvette', 'c7']"
corvette_1_1_7_ (865).jpg,1,1,0,0,0,0,0,0,1,0,"['car', 'corvette', 'c7']"
corvette_1_1_7_ (866).jpg,1,1,0,0,0,0,0,0,1,0,"['car', 'corvette', 'c7']"
corvette_1_1_7_ (867).jpg,1,1,0,0,0,0,0,0,1,0,"['car', 'corvette', 'c7']"
corvette_1_1_7_ (868).JPG,1,1,0,0,0,0,0,0,1,0,"['car', 'corvette', 'c7']"
corvette_1_1_7_ (869).jpg,1,1,0,0,0,0,0,0,1,0,"['car', 'corvette', 'c7']"
corvette_1_1_7_ (870).JPG,1,1,0,0,0,0,0,0,1,0,"['car', 'corvette', 'c7']"
corvette_1_1_7_ (871).jpg,1,1,0,0,0,0,0,0,1,0,"['car', 'corvette', 'c7']"
corvette_1_1_7_ (872).jpg,1,1,0,0,0,0,0,0,1,0,"['car', 'corvette', 'c7']"
corvette_1_1_7_ (873).jpg,1,1,0,0,0,0,0,0,1,0,"['car', 'corvette', 'c7']"
corvette_1_1_7_ (874).jpg,1,1,0,0,0,0,0,0,1,0,"['car', 'corvette', 'c7']"
corvette_1_1_7_ (875).jpg,1,1,0,0,0,0,0,0,1,0,"['car', 'corvette', 'c7']"
corvette_1_1_7_ (876).jpg,1,1,0,0,0,0,0,0,1,0,"['car', 'corvette', 'c7']"
corvette_1_1_7_ (877).jpg,1,1,0,0,0,0,0,0,1,0,"['car', 'corvette', 'c7']"
corvette_1_1_8_ (10).jpeg,1,1,0,0,0,0,0,0,0,1,"['car', 'corvette', 'c8']"
corvette_1_1_8_ (10).jpg,1,1,0,0,0,0,0,0,0,1,"['car', 'corvette', 'c8']"
corvette_1_1_8_ (10).png,1,1,0,0,0,0,0,0,0,1,"['car', 'corvette', 'c8']"
corvette_1_1_8_ (11).jpg,1,1,0,0,0,0,0,0,0,1,"['car', 'corvette', 'c8']"
corvette_1_1_8_ (11).png,1,1,0,0,0,0,0,0,0,1,"['car', 'corvette', 'c8']"
corvette_1_1_8_ (12).jpg,1,1,0,0,0,0,0,0,0,1,"['car', 'corvette', 'c8']"
corvette_1_1_8_ (12).png,1,1,0,0,0,0,0,0,0,1,"['car', 'corvette', 'c8']"
corvette_1_1_8_ (13).jpg,1,1,0,0,0,0,0,0,0,1,"['car', 'corvette', 'c8']"
corvette_1_1_8_ (13).png,1,1,0,0,0,0,0,0,0,1,"['car', 'corvette', 'c8']"
corvette_1_1_8_ (14).jpg,1,1,0,0,0,0,0,0,0,1,"['car', 'corvette', 'c8']"
corvette_1_1_8_ (14).png,1,1,0,0,0,0,0,0,0,1,"['car', 'corvette', 'c8']"
corvette_1_1_8_ (15).jpg,1,1,0,0,0,0,0,0,0,1,"['car', 'corvette', 'c8']"
corvette_1_1_8_ (15).png,1,1,0,0,0,0,0,0,0,1,"['car', 'corvette', 'c8']"
corvette_1_1_8_ (16).png,1,1,0,0,0,0,0,0,0,1,"['car', 'corvette', 'c8']"
corvette_1_1_8_ (17).jpg,1,1,0,0,0,0,0,0,0,1,"['car', 'corvette', 'c8']"
corvette_1_1_8_ (17).png,1,1,0,0,0,0,0,0,0,1,"['car', 'corvette', 'c8']"
corvette_1_1_8_ (18).jpg,1,1,0,0,0,0,0,0,0,1,"['car', 'corvette', 'c8']"
corvette_1_1_8_ (18).png,1,1,0,0,0,0,0,0,0,1,"['car', 'corvette', 'c8']"
corvette_1_1_8_ (19).jpg,1,1,0,0,0,0,0,0,0,1,"['car', 'corvette', 'c8']"
corvette_1_1_8_ (19).png,1,1,0,0,0,0,0,0,0,1,"['car', 'corvette', 'c8']"
corvette_1_1_8_ (20).jpg,1,1,0,0,0,0,0,0,0,1,"['car', 'corvette', 'c8']"
corvette_1_1_8_ (20).png,1,1,0,0,0,0,0,0,0,1,"['car', 'corvette', 'c8']"
corvette_1_1_8_ (21).jpg,1,1,0,0,0,0,0,0,0,1,"['car', 'corvette', 'c8']"
corvette_1_1_8_ (21).png,1,1,0,0,0,0,0,0,0,1,"['car', 'corvette', 'c8']"
corvette_1_1_8_ (22).jpg,1,1,0,0,0,0,0,0,0,1,"['car', 'corvette', 'c8']"
corvette_1_1_8_ (22).png,1,1,0,0,0,0,0,0,0,1,"['car', 'corvette', 'c8']"
corvette_1_1_8_ (23).jpg,1,1,0,0,0,0,0,0,0,1,"['car', 'corvette', 'c8']"
corvette_1_1_8_ (23).png,1,1,0,0,0,0,0,0,0,1,"['car', 'corvette', 'c8']"
corvette_1_1_8_ (24).jpg,1,1,0,0,0,0,0,0,0,1,"['car', 'corvette', 'c8']"
corvette_1_1_8_ (24).png,1,1,0,0,0,0,0,0,0,1,"['car', 'corvette', 'c8']"
corvette_1_1_8_ (25).JPG,1,1,0,0,0,0,0,0,0,1,"['car', 'corvette', 'c8']"
corvette_1_1_8_ (26).jpg,1,1,0,0,0,0,0,0,0,1,"['car', 'corvette', 'c8']"
corvette_1_1_8_ (27).jpg,1,1,0,0,0,0,0,0,0,1,"['car', 'corvette', 'c8']"
corvette_1_1_8_ (28).jpg,1,1,0,0,0,0,0,0,0,1,"['car', 'corvette', 'c8']"
corvette_1_1_8_ (29).jpg,1,1,0,0,0,0,0,0,0,1,"['car', 'corvette', 'c8']"
corvette_1_1_8_ (30).jpg,1,1,0,0,0,0,0,0,0,1,"['car', 'corvette', 'c8']"
corvette_1_1_8_ (32).jpg,1,1,0,0,0,0,0,0,0,1,"['car', 'corvette', 'c8']"
corvette_1_1_8_ (33).jpg,1,1,0,0,0,0,0,0,0,1,"['car', 'corvette', 'c8']"
corvette_1_1_8_ (34).jpg,1,1,0,0,0,0,0,0,0,1,"['car', 'corvette', 'c8']"
corvette_1_1_8_ (35).JPG,1,1,0,0,0,0,0,0,0,1,"['car', 'corvette', 'c8']"
corvette_1_1_8_ (36).jpg,1,1,0,0,0,0,0,0,0,1,"['car', 'corvette', 'c8']"
corvette_1_1_8_ (37).JPG,1,1,0,0,0,0,0,0,0,1,"['car', 'corvette', 'c8']"
corvette_1_1_8_ (38).jpg,1,1,0,0,0,0,0,0,0,1,"['car', 'corvette', 'c8']"
corvette_1_1_8_ (39).jpg,1,1,0,0,0,0,0,0,0,1,"['car', 'corvette', 'c8']"
corvette_1_1_8_ (4).jpeg,1,1,0,0,0,0,0,0,0,1,"['car', 'corvette', 'c8']"
corvette_1_1_8_ (4).jpg,1,1,0,0,0,0,0,0,0,1,"['car', 'corvette', 'c8']"
corvette_1_1_8_ (4).png,1,1,0,0,0,0,0,0,0,1,"['car', 'corvette', 'c8']"
corvette_1_1_8_ (40).jpg,1,1,0,0,0,0,0,0,0,1,"['car', 'corvette', 'c8']"
corvette_1_1_8_ (41).jpg,1,1,0,0,0,0,0,0,0,1,"['car', 'corvette', 'c8']"
corvette_1_1_8_ (42).jpg,1,1,0,0,0,0,0,0,0,1,"['car', 'corvette', 'c8']"
corvette_1_1_8_ (43).jpg,1,1,0,0,0,0,0,0,0,1,"['car', 'corvette', 'c8']"
corvette_1_1_8_ (44).jpg,1,1,0,0,0,0,0,0,0,1,"['car', 'corvette', 'c8']"
corvette_1_1_8_ (45).jpg,1,1,0,0,0,0,0,0,0,1,"['car', 'corvette', 'c8']"
corvette_1_1_8_ (46).jpg,1,1,0,0,0,0,0,0,0,1,"['car', 'corvette', 'c8']"
corvette_1_1_8_ (47).jpg,1,1,0,0,0,0,0,0,0,1,"['car', 'corvette', 'c8']"
corvette_1_1_8_ (48).jpg,1,1,0,0,0,0,0,0,0,1,"['car', 'corvette', 'c8']"
corvette_1_1_8_ (49).jpg,1,1,0,0,0,0,0,0,0,1,"['car', 'corvette', 'c8']"
corvette_1_1_8_ (5).jpeg,1,1,0,0,0,0,0,0,0,1,"['car', 'corvette', 'c8']"
corvette_1_1_8_ (5).jpg,1,1,0,0,0,0,0,0,0,1,"['car', 'corvette', 'c8']"
corvette_1_1_8_ (5).png,1,1,0,0,0,0,0,0,0,1,"['car', 'corvette', 'c8']"
corvette_1_1_8_ (50).jpg,1,1,0,0,0,0,0,0,0,1,"['car', 'corvette', 'c8']"
corvette_1_1_8_ (51).jpg,1,1,0,0,0,0,0,0,0,1,"['car', 'corvette', 'c8']"
corvette_1_1_8_ (52).JPG,1,1,0,0,0,0,0,0,0,1,"['car', 'corvette', 'c8']"
corvette_1_1_8_ (53).jpg,1,1,0,0,0,0,0,0,0,1,"['car', 'corvette', 'c8']"
corvette_1_1_8_ (55).jpg,1,1,0,0,0,0,0,0,0,1,"['car', 'corvette', 'c8']"
corvette_1_1_8_ (56).jpg,1,1,0,0,0,0,0,0,0,1,"['car', 'corvette', 'c8']"
corvette_1_1_8_ (57).jpg,1,1,0,0,0,0,0,0,0,1,"['car', 'corvette', 'c8']"
corvette_1_1_8_ (58).jpg,1,1,0,0,0,0,0,0,0,1,"['car', 'corvette', 'c8']"
corvette_1_1_8_ (6).jpeg,1,1,0,0,0,0,0,0,0,1,"['car', 'corvette', 'c8']"
corvette_1_1_8_ (6).jpg,1,1,0,0,0,0,0,0,0,1,"['car', 'corvette', 'c8']"
corvette_1_1_8_ (6).png,1,1,0,0,0,0,0,0,0,1,"['car', 'corvette', 'c8']"
corvette_1_1_8_ (60).jpg,1,1,0,0,0,0,0,0,0,1,"['car', 'corvette', 'c8']"
corvette_1_1_8_ (61).JPG,1,1,0,0,0,0,0,0,0,1,"['car', 'corvette', 'c8']"
corvette_1_1_8_ (62).jpg,1,1,0,0,0,0,0,0,0,1,"['car', 'corvette', 'c8']"
corvette_1_1_8_ (63).jpg,1,1,0,0,0,0,0,0,0,1,"['car', 'corvette', 'c8']"
corvette_1_1_8_ (65).jpg,1,1,0,0,0,0,0,0,0,1,"['car', 'corvette', 'c8']"
corvette_1_1_8_ (66).jpg,1,1,0,0,0,0,0,0,0,1,"['car', 'corvette', 'c8']"
corvette_1_1_8_ (7).jpeg,1,1,0,0,0,0,0,0,0,1,"['car', 'corvette', 'c8']"
corvette_1_1_8_ (7).JPG,1,1,0,0,0,0,0,0,0,1,"['car', 'corvette', 'c8']"
corvette_1_1_8_ (7).png,1,1,0,0,0,0,0,0,0,1,"['car', 'corvette', 'c8']"
corvette_1_1_8_ (8).jpeg,1,1,0,0,0,0,0,0,0,1,"['car', 'corvette', 'c8']"
corvette_1_1_8_ (8).jpg,1,1,0,0,0,0,0,0,0,1,"['car', 'corvette', 'c8']"
corvette_1_1_8_ (8).png,1,1,0,0,0,0,0,0,0,1,"['car', 'corvette', 'c8']"
corvette_1_1_8_ (9).jpeg,1,1,0,0,0,0,0,0,0,1,"['car', 'corvette', 'c8']"
corvette_1_1_8_ (9).jpg,1,1,0,0,0,0,0,0,0,1,"['car', 'corvette', 'c8']"
corvette_1_1_8_ (9).png,1,1,0,0,0,0,0,0,0,1,"['car', 'corvette', 'c8']"
notCars_0_0_0_ (1).gif,0,0,0,0,0,0,0,0,0,0,"['not_car', 'not_corvette']"
notCars_0_0_0_ (1).jpeg,0,0,0,0,0,0,0,0,0,0,"['not_car', 'not_corvette']"
notCars_0_0_0_ (1).jpg,0,0,0,0,0,0,0,0,0,0,"['not_car', 'not_corvette']"
notCars_0_0_0_ (1).png,0,0,0,0,0,0,0,0,0,0,"['not_car', 'not_corvette']"
notCars_0_0_0_ (2).gif,0,0,0,0,0,0,0,0,0,0,"['not_car', 'not_corvette']"
notCars_0_0_0_ (2).jpeg,0,0,0,0,0,0,0,0,0,0,"['not_car', 'not_corvette']"
notCars_0_0_0_ (2).jpg,0,0,0,0,0,0,0,0,0,0,"['not_car', 'not_corvette']"
notCars_0_0_0_ (2).png,0,0,0,0,0,0,0,0,0,0,"['not_car', 'not_corvette']"
notCars_0_0_0_ (327).jpg,0,0,0,0,0,0,0,0,0,0,"['not_car', 'not_corvette']"
notCars_0_0_0_ (328).jpg,0,0,0,0,0,0,0,0,0,0,"['not_car', 'not_corvette']"
notCars_0_0_0_ (329).jpg,0,0,0,0,0,0,0,0,0,0,"['not_car', 'not_corvette']"
notCars_0_0_0_ (330).jpg,0,0,0,0,0,0,0,0,0,0,"['not_car', 'not_corvette']"
notCars_0_0_0_ (331).jpg,0,0,0,0,0,0,0,0,0,0,"['not_car', 'not_corvette']"
notCars_0_0_0_ (332).jpg,0,0,0,0,0,0,0,0,0,0,"['not_car', 'not_corvette']"
notCars_0_0_0_ (333).jpg,0,0,0,0,0,0,0,0,0,0,"['not_car', 'not_corvette']"
notCars_0_0_0_ (334).jpg,0,0,0,0,0,0,0,0,0,0,"['not_car', 'not_corvette']"
notCars_0_0_0_ (335).jpg,0,0,0,0,0,0,0,0,0,0,"['not_car', 'not_corvette']"
notCars_0_0_0_ (336).jpg,0,0,0,0,0,0,0,0,0,0,"['not_car', 'not_corvette']"
notCars_0_0_0_ (337).jpg,0,0,0,0,0,0,0,0,0,0,"['not_car', 'not_corvette']"
notCars_0_0_0_ (338).jpg,0,0,0,0,0,0,0,0,0,0,"['not_car', 'not_corvette']"
notCars_0_0_0_ (339).jpg,0,0,0,0,0,0,0,0,0,0,"['not_car', 'not_corvette']"
notCars_0_0_0_ (340).jpg,0,0,0,0,0,0,0,0,0,0,"['not_car', 'not_corvette']"
notCars_0_0_0_ (341).jpg,0,0,0,0,0,0,0,0,0,0,"['not_car', 'not_corvette']"
notCars_0_0_0_ (342).jpg,0,0,0,0,0,0,0,0,0,0,"['not_car', 'not_corvette']"
notCars_0_0_0_ (343).jpg,0,0,0,0,0,0,0,0,0,0,"['not_car', 'not_corvette']"
notCars_0_0_0_ (344).jpg,0,0,0,0,0,0,0,0,0,0,"['not_car', 'not_corvette']"
notCars_0_0_0_ (345).jpg,0,0,0,0,0,0,0,0,0,0,"['not_car', 'not_corvette']"
notCars_0_0_0_ (346).jpg,0,0,0,0,0,0,0,0,0,0,"['not_car', 'not_corvette']"
notCars_0_0_0_ (347).jpg,0,0,0,0,0,0,0,0,0,0,"['not_car', 'not_corvette']"
notCars_0_0_0_ (348).jpg,0,0,0,0,0,0,0,0,0,0,"['not_car', 'not_corvette']"
notCars_0_0_0_ (349).jpg,0,0,0,0,0,0,0,0,0,0,"['not_car', 'not_corvette']"
notCars_0_0_0_ (350).jpg,0,0,0,0,0,0,0,0,0,0,"['not_car', 'not_corvette']"
notCars_0_0_0_ (351).jpg,0,0,0,0,0,0,0,0,0,0,"['not_car', 'not_corvette']"
notCars_0_0_0_ (352).jpg,0,0,0,0,0,0,0,0,0,0,"['not_car', 'not_corvette']"
notCars_0_0_0_ (353).jpg,0,0,0,0,0,0,0,0,0,0,"['not_car', 'not_corvette']"
notCars_0_0_0_ (354).jpg,0,0,0,0,0,0,0,0,0,0,"['not_car', 'not_corvette']"
notCars_0_0_0_ (355).jpg,0,0,0,0,0,0,0,0,0,0,"['not_car', 'not_corvette']"
notCars_0_0_0_ (356).jpg,0,0,0,0,0,0,0,0,0,0,"['not_car', 'not_corvette']"
notCars_0_0_0_ (357).jpg,0,0,0,0,0,0,0,0,0,0,"['not_car', 'not_corvette']"
notCars_0_0_0_ (358).jpg,0,0,0,0,0,0,0,0,0,0,"['not_car', 'not_corvette']"
notCars_0_0_0_ (359).jpg,0,0,0,0,0,0,0,0,0,0,"['not_car', 'not_corvette']"
notCars_0_0_0_ (360).jpg,0,0,0,0,0,0,0,0,0,0,"['not_car', 'not_corvette']"
notCars_0_0_0_ (361).jpg,0,0,0,0,0,0,0,0,0,0,"['not_car', 'not_corvette']"
notCars_0_0_0_ (362).jpg,0,0,0,0,0,0,0,0,0,0,"['not_car', 'not_corvette']"
notCars_0_0_0_ (363).jpg,0,0,0,0,0,0,0,0,0,0,"['not_car', 'not_corvette']"
notCars_0_0_0_ (364).jpg,0,0,0,0,0,0,0,0,0,0,"['not_car', 'not_corvette']"
notCars_0_0_0_ (365).jpg,0,0,0,0,0,0,0,0,0,0,"['not_car', 'not_corvette']"
notCars_0_0_0_ (366).jpg,0,0,0,0,0,0,0,0,0,0,"['not_car', 'not_corvette']"
notCars_0_0_0_ (367).jpg,0,0,0,0,0,0,0,0,0,0,"['not_car', 'not_corvette']"
notCars_0_0_0_ (368).jpg,0,0,0,0,0,0,0,0,0,0,"['not_car', 'not_corvette']"
notCars_0_0_0_ (369).jpg,0,0,0,0,0,0,0,0,0,0,"['not_car', 'not_corvette']"
notCars_0_0_0_ (370).jpg,0,0,0,0,0,0,0,0,0,0,"['not_car', 'not_corvette']"
notCars_0_0_0_ (371).jpg,0,0,0,0,0,0,0,0,0,0,"['not_car', 'not_corvette']"
notCars_0_0_0_ (372).jpg,0,0,0,0,0,0,0,0,0,0,"['not_car', 'not_corvette']"
notCars_0_0_0_ (373).jpg,0,0,0,0,0,0,0,0,0,0,"['not_car', 'not_corvette']"
notCars_0_0_0_ (374).jpg,0,0,0,0,0,0,0,0,0,0,"['not_car', 'not_corvette']"
notCars_0_0_0_ (375).jpg,0,0,0,0,0,0,0,0,0,0,"['not_car', 'not_corvette']"
notCars_0_0_0_ (376).jpg,0,0,0,0,0,0,0,0,0,0,"['not_car', 'not_corvette']"
notCars_0_0_0_ (377).jpg,0,0,0,0,0,0,0,0,0,0,"['not_car', 'not_corvette']"
notCars_0_0_0_ (378).jpg,0,0,0,0,0,0,0,0,0,0,"['not_car', 'not_corvette']"
notCars_0_0_0_ (379).jpg,0,0,0,0,0,0,0,0,0,0,"['not_car', 'not_corvette']"
notCars_0_0_0_ (380).jpg,0,0,0,0,0,0,0,0,0,0,"['not_car', 'not_corvette']"
notCars_0_0_0_ (381).jpg,0,0,0,0,0,0,0,0,0,0,"['not_car', 'not_corvette']"
notCars_0_0_0_ (382).jpg,0,0,0,0,0,0,0,0,0,0,"['not_car', 'not_corvette']"
notCars_0_0_0_ (383).jpg,0,0,0,0,0,0,0,0,0,0,"['not_car', 'not_corvette']"
notCars_0_0_0_ (384).jpg,0,0,0,0,0,0,0,0,0,0,"['not_car', 'not_corvette']"
notCars_0_0_0_ (385).jpg,0,0,0,0,0,0,0,0,0,0,"['not_car', 'not_corvette']"
notCars_0_0_0_ (386).jpg,0,0,0,0,0,0,0,0,0,0,"['not_car', 'not_corvette']"
notCars_0_0_0_ (387).jpg,0,0,0,0,0,0,0,0,0,0,"['not_car', 'not_corvette']"
notCars_0_0_0_ (389).jpg,0,0,0,0,0,0,0,0,0,0,"['not_car', 'not_corvette']"
notCars_0_0_0_ (390).jpg,0,0,0,0,0,0,0,0,0,0,"['not_car', 'not_corvette']"
notCars_0_0_0_ (391).jpg,0,0,0,0,0,0,0,0,0,0,"['not_car', 'not_corvette']"
notCars_0_0_0_ (392).jpg,0,0,0,0,0,0,0,0,0,0,"['not_car', 'not_corvette']"
notCars_0_0_0_ (393).jpg,0,0,0,0,0,0,0,0,0,0,"['not_car', 'not_corvette']"
notCars_0_0_0_ (394).jpg,0,0,0,0,0,0,0,0,0,0,"['not_car', 'not_corvette']"
notCars_0_0_0_ (395).jpg,0,0,0,0,0,0,0,0,0,0,"['not_car', 'not_corvette']"
notCars_0_0_0_ (396).jpg,0,0,0,0,0,0,0,0,0,0,"['not_car', 'not_corvette']"
notCars_0_0_0_ (397).jpg,0,0,0,0,0,0,0,0,0,0,"['not_car', 'not_corvette']"
notCars_0_0_0_ (398).jpg,0,0,0,0,0,0,0,0,0,0,"['not_car', 'not_corvette']"
notCars_0_0_0_ (399).jpg,0,0,0,0,0,0,0,0,0,0,"['not_car', 'not_corvette']"
notCars_0_0_0_ (400).jpg,0,0,0,0,0,0,0,0,0,0,"['not_car', 'not_corvette']"
notCars_0_0_0_ (401).jpg,0,0,0,0,0,0,0,0,0,0,"['not_car', 'not_corvette']"
notCars_0_0_0_ (402).jpg,0,0,0,0,0,0,0,0,0,0,"['not_car', 'not_corvette']"
notCars_0_0_0_ (403).jpg,0,0,0,0,0,0,0,0,0,0,"['not_car', 'not_corvette']"
notCars_0_0_0_ (404).jpg,0,0,0,0,0,0,0,0,0,0,"['not_car', 'not_corvette']"
notCars_0_0_0_ (405).jpg,0,0,0,0,0,0,0,0,0,0,"['not_car', 'not_corvette']"
notCars_0_0_0_ (406).jpg,0,0,0,0,0,0,0,0,0,0,"['not_car', 'not_corvette']"
notCars_0_0_0_ (407).jpg,0,0,0,0,0,0,0,0,0,0,"['not_car', 'not_corvette']"
notCars_0_0_0_ (408).jpg,0,0,0,0,0,0,0,0,0,0,"['not_car', 'not_corvette']"
notCars_0_0_0_ (409).JPG,0,0,0,0,0,0,0,0,0,0,"['not_car', 'not_corvette']"
notCars_0_0_0_ (410).jpg,0,0,0,0,0,0,0,0,0,0,"['not_car', 'not_corvette']"
notCars_0_0_0_ (411).jpg,0,0,0,0,0,0,0,0,0,0,"['not_car', 'not_corvette']"
notCars_0_0_0_ (413).jpg,0,0,0,0,0,0,0,0,0,0,"['not_car', 'not_corvette']"
notCars_0_0_0_ (414).jpg,0,0,0,0,0,0,0,0,0,0,"['not_car', 'not_corvette']"
notCars_0_0_0_ (415).jpg,0,0,0,0,0,0,0,0,0,0,"['not_car', 'not_corvette']"
notCars_0_0_0_ (416).jpg,0,0,0,0,0,0,0,0,0,0,"['not_car', 'not_corvette']"
notCars_0_0_0_ (417).jpg,0,0,0,0,0,0,0,0,0,0,"['not_car', 'not_corvette']"
notCars_0_0_0_ (418).jpg,0,0,0,0,0,0,0,0,0,0,"['not_car', 'not_corvette']"
notCars_0_0_0_ (419).jpg,0,0,0,0,0,0,0,0,0,0,"['not_car', 'not_corvette']"
notCars_0_0_0_ (420).jpg,0,0,0,0,0,0,0,0,0,0,"['not_car', 'not_corvette']"
notCars_0_0_0_ (421).jpg,0,0,0,0,0,0,0,0,0,0,"['not_car', 'not_corvette']"
notCars_0_0_0_ (422).jpg,0,0,0,0,0,0,0,0,0,0,"['not_car', 'not_corvette']"
notCars_0_0_0_ (423).jpg,0,0,0,0,0,0,0,0,0,0,"['not_car', 'not_corvette']"
notCars_0_0_0_ (424).jpg,0,0,0,0,0,0,0,0,0,0,"['not_car', 'not_corvette']"
notCars_0_0_0_ (425).jpg,0,0,0,0,0,0,0,0,0,0,"['not_car', 'not_corvette']"
notCars_0_0_0_ (426).jpg,0,0,0,0,0,0,0,0,0,0,"['not_car', 'not_corvette']"
notCars_0_0_0_ (427).jpg,0,0,0,0,0,0,0,0,0,0,"['not_car', 'not_corvette']"
notCars_0_0_0_ (428).jpg,0,0,0,0,0,0,0,0,0,0,"['not_car', 'not_corvette']"
notCars_0_0_0_ (429).jpg,0,0,0,0,0,0,0,0,0,0,"['not_car', 'not_corvette']"
notCars_0_0_0_ (430).jpg,0,0,0,0,0,0,0,0,0,0,"['not_car', 'not_corvette']"
notCars_0_0_0_ (431).jpg,0,0,0,0,0,0,0,0,0,0,"['not_car', 'not_corvette']"
notCars_0_0_0_ (432).jpg,0,0,0,0,0,0,0,0,0,0,"['not_car', 'not_corvette']"
notCars_0_0_0_ (433).jpg,0,0,0,0,0,0,0,0,0,0,"['not_car', 'not_corvette']"
notCars_0_0_0_ (434).jpg,0,0,0,0,0,0,0,0,0,0,"['not_car', 'not_corvette']"
notCars_0_0_0_ (435).jpg,0,0,0,0,0,0,0,0,0,0,"['not_car', 'not_corvette']"
notCars_0_0_0_ (436).jpg,0,0,0,0,0,0,0,0,0,0,"['not_car', 'not_corvette']"
notCars_0_0_0_ (437).jpg,0,0,0,0,0,0,0,0,0,0,"['not_car', 'not_corvette']"
notCars_0_0_0_ (438).jpg,0,0,0,0,0,0,0,0,0,0,"['not_car', 'not_corvette']"
notCars_0_0_0_ (439).jpg,0,0,0,0,0,0,0,0,0,0,"['not_car', 'not_corvette']"
notCars_0_0_0_ (440).jpg,0,0,0,0,0,0,0,0,0,0,"['not_car', 'not_corvette']"
notCars_0_0_0_ (441).jpg,0,0,0,0,0,0,0,0,0,0,"['not_car', 'not_corvette']"
notCars_0_0_0_ (442).jpg,0,0,0,0,0,0,0,0,0,0,"['not_car', 'not_corvette']"
notCars_0_0_0_ (443).jpg,0,0,0,0,0,0,0,0,0,0,"['not_car', 'not_corvette']"
notCars_0_0_0_ (444).jpg,0,0,0,0,0,0,0,0,0,0,"['not_car', 'not_corvette']"
notCars_0_0_0_ (445).jpg,0,0,0,0,0,0,0,0,0,0,"['not_car', 'not_corvette']"
notCars_0_0_0_ (446).jpg,0,0,0,0,0,0,0,0,0,0,"['not_car', 'not_corvette']"
notCars_0_0_0_ (447).jpg,0,0,0,0,0,0,0,0,0,0,"['not_car', 'not_corvette']"
notCars_0_0_0_ (448).jpg,0,0,0,0,0,0,0,0,0,0,"['not_car', 'not_corvette']"
